origin,destination,date_queried,departure_airport,departure_time,departure_date,arrival_airport,arrival_time,arrival_date,airline,number_of_stops,price,days_until_flight
BCN,ZRH,2025-06-01,BCN,07:00,1 Jun,ZRH,08:55,1 Jun,Vueling,1 stop,170.71,30
BCN,ZRH,2025-06-01,BCN,06:00,1 Jun,ZRH,07:40,1 Jun,Swiss,Direct,202.08,30
BCN,ZRH,2025-06-01,BCN,07:00,1 Jun,ZRH,08:55,1 Jun,Iberia,Direct,304.93,30
BCN,ZRH,2025-06-01,BCN,20:00,1 Jun,ZRH,21:45,1 Jun,Swiss,Direct,373.22,30
BCN,ZRH,2025-06-01,BCN,09:40,1 Jun,ZRH,11:30,1 Jun,Swiss,Direct,381.45,30
BCN,ZRH,2025-06-01,BCN,16:35,1 Jun,ZRH,18:35,1 Jun,Vueling,Direct,382.92,30
BCN,ZRH,2025-06-01,BCN,14:55,1 Jun,ZRH,16:40,1 Jun,Swiss,Direct,455.26,30
BCN,ZRH,2025-06-01,BCN,18:35,1 Jun,ZRH,20:25,1 Jun,Swiss,Direct,450.71,30
BCN,ZRH,2025-06-01,BCN,07:45,1 Jun,ZRH,11:40,1 Jun,Easyjet,Direct,255.29,30
BCN,ZRH,2025-06-01,BCN,16:35,1 Jun,ZRH,18:35,1 Jun,Iberia,1 stop,534.40,30
BCN,ZRH,2025-06-01,BCN,10:25,1 Jun,ZRH,15:00,1 Jun,Eurowings,Direct,291.71,30
BCN,ZRH,2025-06-01,BCN,05:45,1 Jun,ZRH,11:40,1 Jun,Vueling,1 stop,262.19,30
BCN,ZRH,2025-06-01,BCN,07:45,1 Jun,ZRH,11:40,1 Jun,Easyjet,1 stop,378.47,30
BCN,ZRH,2025-06-01,BCN,10:35,1 Jun,ZRH,15:50,1 Jun,Singapore Airlines,1 stop,309.80,30
BCN,ZRH,2025-06-01,BCN,21:55,1 Jun,ZRH,07:55,2 Jun,Vueling,1 stop,198.32,30
BCN,ZRH,2025-06-02,BCN,06:50,2 Jun,ZRH,08:50,2 Jun,Vueling,1 stop,115.77,31
BCN,ZRH,2025-06-02,BCN,21:55,2 Jun,ZRH,11:55,3 Jun,Vueling,Direct,78.48,31
BCN,ZRH,2025-06-02,BCN,06:00,2 Jun,ZRH,07:40,2 Jun,Swiss,1 stop,210.59,31
BCN,ZRH,2025-06-02,BCN,12:55,2 Jun,ZRH,14:50,2 Jun,Vueling,Direct,124.29,31
BCN,ZRH,2025-06-02,BCN,20:00,2 Jun,ZRH,21:45,2 Jun,Swiss,Direct,223.30,31
BCN,ZRH,2025-06-02,BCN,18:35,2 Jun,ZRH,20:25,2 Jun,Swiss,Direct,248.97,31
BCN,ZRH,2025-06-02,BCN,12:55,2 Jun,ZRH,14:50,2 Jun,Iberia,Direct,251.15,31
BCN,ZRH,2025-06-02,BCN,06:50,2 Jun,ZRH,08:50,2 Jun,Iberia,Direct,251.15,31
BCN,ZRH,2025-06-02,BCN,23:30,2 Jun,ZRH,08:55,3 Jun,Vueling,Direct,79.02,31
BCN,ZRH,2025-06-02,BCN,08:45,2 Jun,ZRH,13:50,2 Jun,Eurowings,1 stop,125.93,31
BCN,ZRH,2025-06-02,BCN,14:55,2 Jun,ZRH,16:40,2 Jun,Swiss,1 stop,319.94,31
BCN,ZRH,2025-06-02,BCN,09:25,2 Jun,ZRH,15:00,2 Jun,Eurowings,Direct,125.93,31
BCN,ZRH,2025-06-02,BCN,22:40,2 Jun,ZRH,08:55,3 Jun,Vueling,1 stop,80.37,31
BCN,ZRH,2025-06-02,BCN,21:30,2 Jun,ZRH,08:55,3 Jun,Vueling,1 stop,80.37,31
BCN,ZRH,2025-06-02,BCN,20:50,2 Jun,ZRH,08:55,3 Jun,Vueling,1 stop,79.02,31
BCN,ZRH,2025-06-03,BCN,07:00,3 Jun,ZRH,08:55,3 Jun,Vueling,1 stop,73.22,32
BCN,ZRH,2025-06-03,BCN,19:20,3 Jun,ZRH,21:10,3 Jun,Vueling,Direct,78.88,32
BCN,ZRH,2025-06-03,BCN,06:00,3 Jun,ZRH,07:40,3 Jun,Swiss,Direct,122.15,32
BCN,ZRH,2025-06-03,BCN,20:00,3 Jun,ZRH,21:45,3 Jun,Swiss,Direct,122.15,32
BCN,ZRH,2025-06-03,BCN,14:55,3 Jun,ZRH,16:40,3 Jun,Swiss,Direct,171.31,32
BCN,ZRH,2025-06-03,BCN,07:00,3 Jun,ZRH,08:55,3 Jun,Iberia,Direct,186.97,32
BCN,ZRH,2025-06-03,BCN,19:20,3 Jun,ZRH,21:10,3 Jun,Iberia,Direct,202.94,32
BCN,ZRH,2025-06-03,BCN,09:40,3 Jun,ZRH,11:30,3 Jun,Swiss,Direct,209.68,32
BCN,ZRH,2025-06-03,BCN,23:30,3 Jun,ZRH,09:20,4 Jun,Vueling,Direct,61.49,32
BCN,ZRH,2025-06-03,BCN,22:40,3 Jun,ZRH,09:20,4 Jun,Vueling,1 stop,61.49,32
BCN,ZRH,2025-06-03,BCN,21:30,3 Jun,ZRH,09:20,4 Jun,Vueling,1 stop,61.49,32
BCN,ZRH,2025-06-03,BCN,20:50,3 Jun,ZRH,09:20,4 Jun,Vueling,1 stop,61.49,32
BCN,ZRH,2025-06-03,BCN,10:20,3 Jun,ZRH,15:15,3 Jun,Eurowings,1 stop,125.93,32
BCN,ZRH,2025-06-03,BCN,21:55,3 Jun,ZRH,07:55,4 Jun,Vueling,1 stop,81.16,32
BCN,ZRH,2025-06-03,BCN,22:30,3 Jun,ZRH,09:10,4 Jun,Vueling,1 stop,77.43,32
BCN,ZRH,2025-06-04,BCN,07:00,4 Jun,ZRH,08:55,4 Jun,Vueling,1 stop,39.02,33
BCN,ZRH,2025-06-04,BCN,06:00,4 Jun,ZRH,07:40,4 Jun,Swiss,Direct,122.15,33
BCN,ZRH,2025-06-04,BCN,19:05,4 Jun,ZRH,20:55,4 Jun,Vueling,Direct,57.57,33
BCN,ZRH,2025-06-04,BCN,20:00,4 Jun,ZRH,21:45,4 Jun,Swiss,Direct,122.15,33
BCN,ZRH,2025-06-04,BCN,09:40,4 Jun,ZRH,11:30,4 Jun,Swiss,Direct,122.15,33
BCN,ZRH,2025-06-04,BCN,07:00,4 Jun,ZRH,08:55,4 Jun,Iberia,Direct,153.60,33
BCN,ZRH,2025-06-04,BCN,14:55,4 Jun,ZRH,16:40,4 Jun,Swiss,Direct,182.49,33
BCN,ZRH,2025-06-04,BCN,19:05,4 Jun,ZRH,20:55,4 Jun,Iberia,Direct,186.97,33
BCN,ZRH,2025-06-04,BCN,10:30,4 Jun,ZRH,15:00,4 Jun,Eurowings,Direct,107.89,33
BCN,ZRH,2025-06-04,BCN,23:30,4 Jun,ZRH,08:55,5 Jun,Vueling,1 stop,65.26,33
BCN,ZRH,2025-06-04,BCN,15:15,4 Jun,ZRH,21:20,4 Jun,Vueling,1 stop,94.53,33
BCN,ZRH,2025-06-04,BCN,20:30,4 Jun,ZRH,10:10,5 Jun,Air Europa,1 stop,56.41,33
BCN,ZRH,2025-06-04,BCN,21:30,4 Jun,ZRH,08:55,5 Jun,Vueling,1 stop,65.26,33
BCN,ZRH,2025-06-04,BCN,23:30,4 Jun,ZRH,10:40,5 Jun,Vueling,1 stop,67.78,33
BCN,ZRH,2025-06-04,BCN,10:20,4 Jun,ZRH,15:15,4 Jun,Eurowings,1 stop,125.93,33
BCN,ZRH,2025-06-05,BCN,07:00,5 Jun,ZRH,08:55,5 Jun,Vueling,1 stop,36.38,34
BCN,ZRH,2025-06-05,BCN,19:30,5 Jun,ZRH,21:20,5 Jun,Vueling,Direct,73.22,34
BCN,ZRH,2025-06-05,BCN,06:00,5 Jun,ZRH,07:40,5 Jun,Swiss,Direct,122.15,34
BCN,ZRH,2025-06-05,BCN,14:55,5 Jun,ZRH,16:40,5 Jun,Swiss,Direct,122.15,34
BCN,ZRH,2025-06-05,BCN,20:00,5 Jun,ZRH,21:45,5 Jun,Swiss,Direct,122.15,34
BCN,ZRH,2025-06-05,BCN,09:40,5 Jun,ZRH,11:30,5 Jun,Swiss,Direct,122.15,34
BCN,ZRH,2025-06-05,BCN,07:00,5 Jun,ZRH,08:55,5 Jun,Iberia,Direct,153.60,34
BCN,ZRH,2025-06-05,BCN,19:30,5 Jun,ZRH,21:20,5 Jun,Iberia,Direct,186.97,34
BCN,ZRH,2025-06-05,BCN,10:30,5 Jun,ZRH,15:00,5 Jun,Eurowings,Direct,118.68,34
BCN,ZRH,2025-06-05,BCN,20:30,5 Jun,ZRH,10:10,6 Jun,Air Europa,1 stop,56.48,34
BCN,ZRH,2025-06-05,BCN,16:15,5 Jun,ZRH,20:25,5 Jun,Easyjet,1 stop,138.10,34
BCN,ZRH,2025-06-05,BCN,23:30,5 Jun,ZRH,09:15,6 Jun,Vueling,1 stop,74.74,34
BCN,ZRH,2025-06-05,BCN,06:20,5 Jun,ZRH,11:05,5 Jun,KLM,1 stop,132.30,34
BCN,ZRH,2025-06-05,BCN,11:00,5 Jun,ZRH,20:50,5 Jun,Vueling,1 stop,79.67,34
BCN,ZRH,2025-06-05,BCN,09:15,5 Jun,ZRH,14:00,5 Jun,Iberia,1 stop,137.53,34
BCN,ZRH,2025-06-06,BCN,19:30,6 Jun,ZRH,21:20,6 Jun,Vueling,1 stop,73.22,35
BCN,ZRH,2025-06-06,BCN,20:30,6 Jun,ZRH,10:10,7 Jun,Air Europa,Direct,56.48,35
BCN,ZRH,2025-06-06,BCN,06:00,6 Jun,ZRH,07:40,6 Jun,Swiss,1 stop,122.15,35
BCN,ZRH,2025-06-06,BCN,07:00,6 Jun,ZRH,08:55,6 Jun,Vueling,Direct,107.25,35
BCN,ZRH,2025-06-06,BCN,14:55,6 Jun,ZRH,16:40,6 Jun,Swiss,Direct,122.15,35
BCN,ZRH,2025-06-06,BCN,20:00,6 Jun,ZRH,21:45,6 Jun,Swiss,Direct,122.15,35
BCN,ZRH,2025-06-06,BCN,09:40,6 Jun,ZRH,11:30,6 Jun,Swiss,Direct,122.15,35
BCN,ZRH,2025-06-06,BCN,18:35,6 Jun,ZRH,20:25,6 Jun,Swiss,Direct,122.15,35
BCN,ZRH,2025-06-06,BCN,19:30,6 Jun,ZRH,21:20,6 Jun,Iberia,Direct,186.97,35
BCN,ZRH,2025-06-06,BCN,07:00,6 Jun,ZRH,08:55,6 Jun,Iberia,Direct,223.99,35
BCN,ZRH,2025-06-06,BCN,09:30,6 Jun,ZRH,15:30,6 Jun,Eurowings,Direct,125.93,35
BCN,ZRH,2025-06-06,BCN,11:40,6 Jun,ZRH,18:15,6 Jun,ITA Airways,1 stop,119.24,35
BCN,ZRH,2025-06-06,BCN,16:50,6 Jun,ZRH,21:20,6 Jun,ITA Airways,1 stop,167.46,35
BCN,ZRH,2025-06-06,BCN,15:15,6 Jun,ZRH,21:20,6 Jun,Vueling,1 stop,133.58,35
BCN,ZRH,2025-06-06,BCN,07:50,6 Jun,ZRH,12:15,6 Jun,Lufthansa,1 stop,172.49,35
BCN,ZRH,2025-06-07,BCN,07:00,7 Jun,ZRH,08:55,7 Jun,Vueling,1 stop,48.29,36
BCN,ZRH,2025-06-07,BCN,06:00,7 Jun,ZRH,07:40,7 Jun,Swiss,Direct,122.15,36
BCN,ZRH,2025-06-07,BCN,13:00,7 Jun,ZRH,14:55,7 Jun,Vueling,Direct,78.89,36
BCN,ZRH,2025-06-07,BCN,20:00,7 Jun,ZRH,21:45,7 Jun,Swiss,Direct,122.15,36
BCN,ZRH,2025-06-07,BCN,14:55,7 Jun,ZRH,16:40,7 Jun,Swiss,Direct,150.54,36
BCN,ZRH,2025-06-07,BCN,07:00,7 Jun,ZRH,08:55,7 Jun,Iberia,Direct,166.19,36
BCN,ZRH,2025-06-07,BCN,09:40,7 Jun,ZRH,11:30,7 Jun,Swiss,Direct,188.39,36
BCN,ZRH,2025-06-07,BCN,13:00,7 Jun,ZRH,14:55,7 Jun,Iberia,Direct,202.94,36
BCN,ZRH,2025-06-07,BCN,15:50,7 Jun,ZRH,20:25,7 Jun,Vueling,Direct,137.79,36
BCN,ZRH,2025-06-07,BCN,15:15,7 Jun,ZRH,21:20,7 Jun,Vueling,1 stop,117.54,36
BCN,ZRH,2025-06-07,BCN,20:30,7 Jun,ZRH,10:10,8 Jun,Air Europa,1 stop,66.37,36
BCN,ZRH,2025-06-07,BCN,17:20,7 Jun,ZRH,21:50,7 Jun,Lufthansa,1 stop,158.25,36
BCN,ZRH,2025-06-07,BCN,21:55,7 Jun,ZRH,07:55,8 Jun,Vueling,1 stop,88.12,36
BCN,ZRH,2025-06-07,BCN,21:40,7 Jun,ZRH,07:55,8 Jun,Wizz Air Malta,1 stop,86.51,36
BCN,ZRH,2025-06-07,BCN,12:50,7 Jun,ZRH,17:25,7 Jun,Lufthansa,1 stop,158.23,36
BCN,ZRH,2025-06-08,BCN,07:00,8 Jun,ZRH,08:55,8 Jun,Vueling,1 stop,92.08,37
BCN,ZRH,2025-06-08,BCN,06:00,8 Jun,ZRH,07:40,8 Jun,Swiss,Direct,122.15,37
BCN,ZRH,2025-06-08,BCN,09:40,8 Jun,ZRH,11:30,8 Jun,Swiss,Direct,212.46,37
BCN,ZRH,2025-06-08,BCN,14:55,8 Jun,ZRH,16:40,8 Jun,Swiss,Direct,223.15,37
BCN,ZRH,2025-06-08,BCN,20:00,8 Jun,ZRH,21:45,8 Jun,Swiss,Direct,224.36,37
BCN,ZRH,2025-06-08,BCN,07:00,8 Jun,ZRH,08:55,8 Jun,Iberia,Direct,217.03,37
BCN,ZRH,2025-06-08,BCN,18:35,8 Jun,ZRH,20:25,8 Jun,Swiss,Direct,231.33,37
BCN,ZRH,2025-06-08,BCN,16:35,8 Jun,ZRH,18:35,8 Jun,Vueling,Direct,229.46,37
BCN,ZRH,2025-06-08,BCN,10:25,8 Jun,ZRH,15:00,8 Jun,Eurowings,Direct,125.93,37
BCN,ZRH,2025-06-08,BCN,10:05,8 Jun,ZRH,17:35,8 Jun,Eurowings,1 stop,125.93,37
BCN,ZRH,2025-06-08,BCN,16:35,8 Jun,ZRH,18:35,8 Jun,Iberia,1 stop,385.05,37
BCN,ZRH,2025-06-08,BCN,07:45,8 Jun,ZRH,11:40,8 Jun,Easyjet,Direct,235.64,37
BCN,ZRH,2025-06-08,BCN,10:25,8 Jun,ZRH,19:35,8 Jun,Eurowings,1 stop,125.93,37
BCN,ZRH,2025-06-08,BCN,10:00,8 Jun,ZRH,14:20,8 Jun,Austrian Airlines,1 stop,255.02,37
BCN,ZRH,2025-06-08,BCN,09:15,8 Jun,ZRH,14:10,8 Jun,Vueling,1 stop,232.08,37
BCN,ZRH,2025-06-09,BCN,06:50,9 Jun,ZRH,08:50,9 Jun,Vueling,1 stop,107.25,38
BCN,ZRH,2025-06-09,BCN,23:30,9 Jun,ZRH,10:15,10 Jun,Vueling,Direct,91.70,38
BCN,ZRH,2025-06-09,BCN,06:00,9 Jun,ZRH,07:40,9 Jun,Swiss,1 stop,181.83,38
BCN,ZRH,2025-06-09,BCN,20:00,9 Jun,ZRH,21:45,9 Jun,Swiss,Direct,206.57,38
BCN,ZRH,2025-06-09,BCN,09:40,9 Jun,ZRH,11:30,9 Jun,Swiss,Direct,218.57,38
BCN,ZRH,2025-06-09,BCN,14:55,9 Jun,ZRH,16:40,9 Jun,Swiss,Direct,231.33,38
BCN,ZRH,2025-06-09,BCN,18:35,9 Jun,ZRH,20:25,9 Jun,Swiss,Direct,224.36,38
BCN,ZRH,2025-06-09,BCN,06:50,9 Jun,ZRH,08:50,9 Jun,Iberia,Direct,223.99,38
BCN,ZRH,2025-06-09,BCN,12:55,9 Jun,ZRH,14:50,9 Jun,Vueling,Direct,260.73,38
BCN,ZRH,2025-06-09,BCN,08:45,9 Jun,ZRH,13:50,9 Jun,Eurowings,Direct,125.93,38
BCN,ZRH,2025-06-09,BCN,09:25,9 Jun,ZRH,15:00,9 Jun,Eurowings,1 stop,125.93,38
BCN,ZRH,2025-06-09,BCN,23:30,9 Jun,ZRH,08:55,10 Jun,Vueling,1 stop,92.39,38
BCN,ZRH,2025-06-09,BCN,22:40,9 Jun,ZRH,08:55,10 Jun,Vueling,1 stop,92.39,38
BCN,ZRH,2025-06-09,BCN,15:50,9 Jun,ZRH,20:25,9 Jun,Vueling,1 stop,180.66,38
BCN,ZRH,2025-06-09,BCN,12:55,9 Jun,ZRH,14:50,9 Jun,Iberia,1 stop,385.05,38
BCN,ZRH,2025-06-10,BCN,19:20,10 Jun,ZRH,21:10,10 Jun,Vueling,1 stop,115.77,39
BCN,ZRH,2025-06-10,BCN,23:30,10 Jun,ZRH,09:20,11 Jun,Vueling,Direct,65.26,39
BCN,ZRH,2025-06-10,BCN,06:00,10 Jun,ZRH,07:40,10 Jun,Swiss,1 stop,184.60,39
BCN,ZRH,2025-06-10,BCN,07:00,10 Jun,ZRH,08:55,10 Jun,Vueling,Direct,144.19,39
BCN,ZRH,2025-06-10,BCN,20:00,10 Jun,ZRH,21:45,10 Jun,Swiss,Direct,169.57,39
BCN,ZRH,2025-06-10,BCN,09:40,10 Jun,ZRH,11:30,10 Jun,Swiss,Direct,175.27,39
BCN,ZRH,2025-06-10,BCN,14:55,10 Jun,ZRH,16:40,10 Jun,Swiss,Direct,210.70,39
BCN,ZRH,2025-06-10,BCN,19:20,10 Jun,ZRH,21:10,10 Jun,Iberia,Direct,251.15,39
BCN,ZRH,2025-06-10,BCN,22:40,10 Jun,ZRH,09:20,11 Jun,Vueling,Direct,65.26,39
BCN,ZRH,2025-06-10,BCN,07:00,10 Jun,ZRH,08:55,10 Jun,Iberia,1 stop,273.12,39
BCN,ZRH,2025-06-10,BCN,23:30,10 Jun,ZRH,10:45,11 Jun,Vueling,Direct,67.78,39
BCN,ZRH,2025-06-10,BCN,21:30,10 Jun,ZRH,09:20,11 Jun,Vueling,1 stop,65.26,39
BCN,ZRH,2025-06-10,BCN,22:40,10 Jun,ZRH,10:45,11 Jun,Vueling,1 stop,67.78,39
BCN,ZRH,2025-06-10,BCN,21:55,10 Jun,ZRH,07:55,11 Jun,Vueling,1 stop,81.15,39
BCN,ZRH,2025-06-10,BCN,22:30,10 Jun,ZRH,09:10,11 Jun,Vueling,1 stop,77.45,39
BCN,ZRH,2025-06-11,BCN,07:00,11 Jun,ZRH,08:55,11 Jun,Vueling,1 stop,62.15,40
BCN,ZRH,2025-06-11,BCN,19:05,11 Jun,ZRH,20:55,11 Jun,Vueling,Direct,73.22,40
BCN,ZRH,2025-06-11,BCN,06:00,11 Jun,ZRH,07:40,11 Jun,Swiss,Direct,122.15,40
BCN,ZRH,2025-06-11,BCN,20:00,11 Jun,ZRH,21:45,11 Jun,Swiss,Direct,122.15,40
BCN,ZRH,2025-06-11,BCN,09:40,11 Jun,ZRH,11:30,11 Jun,Swiss,Direct,122.15,40
BCN,ZRH,2025-06-11,BCN,14:55,11 Jun,ZRH,16:40,11 Jun,Swiss,Direct,132.72,40
BCN,ZRH,2025-06-11,BCN,19:05,11 Jun,ZRH,20:55,11 Jun,Iberia,Direct,186.97,40
BCN,ZRH,2025-06-11,BCN,07:00,11 Jun,ZRH,08:55,11 Jun,Iberia,Direct,186.97,40
BCN,ZRH,2025-06-11,BCN,23:30,11 Jun,ZRH,08:55,12 Jun,Vueling,Direct,65.26,40
BCN,ZRH,2025-06-11,BCN,22:40,11 Jun,ZRH,08:55,12 Jun,Vueling,1 stop,65.26,40
BCN,ZRH,2025-06-11,BCN,10:30,11 Jun,ZRH,15:00,11 Jun,Eurowings,1 stop,125.93,40
BCN,ZRH,2025-06-11,BCN,23:30,11 Jun,ZRH,10:40,12 Jun,Vueling,1 stop,67.78,40
BCN,ZRH,2025-06-11,BCN,10:20,11 Jun,ZRH,15:15,11 Jun,Eurowings,1 stop,125.93,40
BCN,ZRH,2025-06-11,BCN,20:50,11 Jun,ZRH,08:55,12 Jun,Vueling,1 stop,65.26,40
BCN,ZRH,2025-06-11,BCN,22:40,11 Jun,ZRH,10:40,12 Jun,Vueling,1 stop,67.78,40
BCN,ZRH,2025-06-12,BCN,19:30,12 Jun,ZRH,21:20,12 Jun,Vueling,1 stop,73.22,41
BCN,ZRH,2025-06-12,BCN,20:30,12 Jun,ZRH,10:10,13 Jun,Air Europa,Direct,47.91,41
BCN,ZRH,2025-06-12,BCN,06:00,12 Jun,ZRH,07:40,12 Jun,Swiss,1 stop,122.15,41
BCN,ZRH,2025-06-12,BCN,07:00,12 Jun,ZRH,08:55,12 Jun,Vueling,Direct,73.22,41
BCN,ZRH,2025-06-12,BCN,14:55,12 Jun,ZRH,16:40,12 Jun,Swiss,Direct,122.15,41
BCN,ZRH,2025-06-12,BCN,09:40,12 Jun,ZRH,11:30,12 Jun,Swiss,Direct,122.15,41
BCN,ZRH,2025-06-12,BCN,20:00,12 Jun,ZRH,21:45,12 Jun,Swiss,Direct,150.54,41
BCN,ZRH,2025-06-12,BCN,11:50,12 Jun,ZRH,17:10,12 Jun,Air Europa,Direct,65.87,41
BCN,ZRH,2025-06-12,BCN,19:30,12 Jun,ZRH,21:20,12 Jun,Iberia,1 stop,186.97,41
BCN,ZRH,2025-06-12,BCN,09:15,12 Jun,ZRH,14:00,12 Jun,Iberia,Direct,84.42,41
BCN,ZRH,2025-06-12,BCN,07:00,12 Jun,ZRH,08:55,12 Jun,Iberia,1 stop,186.97,41
BCN,ZRH,2025-06-12,BCN,08:45,12 Jun,ZRH,14:00,12 Jun,Iberia,Direct,84.42,41
BCN,ZRH,2025-06-12,BCN,10:30,12 Jun,ZRH,15:00,12 Jun,Eurowings,1 stop,125.93,41
BCN,ZRH,2025-06-12,BCN,16:15,12 Jun,ZRH,20:25,12 Jun,Easyjet,1 stop,137.59,41
BCN,ZRH,2025-06-12,BCN,13:45,12 Jun,ZRH,18:35,12 Jun,Eurowings,1 stop,125.93,41
BCN,ZRH,2025-06-13,BCN,19:30,13 Jun,ZRH,21:20,13 Jun,Vueling,1 stop,85.46,42
BCN,ZRH,2025-06-13,BCN,11:50,13 Jun,ZRH,10:10,14 Jun,Air Europa,Direct,54.26,42
BCN,ZRH,2025-06-13,BCN,06:00,13 Jun,ZRH,07:40,13 Jun,Swiss,1 stop,122.15,42
BCN,ZRH,2025-06-13,BCN,07:00,13 Jun,ZRH,08:55,13 Jun,Vueling,Direct,85.46,42
BCN,ZRH,2025-06-13,BCN,14:55,13 Jun,ZRH,16:40,13 Jun,Swiss,Direct,122.15,42
BCN,ZRH,2025-06-13,BCN,20:00,13 Jun,ZRH,21:45,13 Jun,Swiss,Direct,122.15,42
BCN,ZRH,2025-06-13,BCN,09:40,13 Jun,ZRH,11:30,13 Jun,Swiss,Direct,122.15,42
BCN,ZRH,2025-06-13,BCN,18:35,13 Jun,ZRH,20:25,13 Jun,Swiss,Direct,122.15,42
BCN,ZRH,2025-06-13,BCN,19:30,13 Jun,ZRH,21:20,13 Jun,Iberia,Direct,202.94,42
BCN,ZRH,2025-06-13,BCN,07:00,13 Jun,ZRH,08:55,13 Jun,Iberia,Direct,202.94,42
BCN,ZRH,2025-06-13,BCN,10:20,13 Jun,ZRH,15:15,13 Jun,Eurowings,Direct,125.93,42
BCN,ZRH,2025-06-13,BCN,13:30,13 Jun,ZRH,21:20,13 Jun,Vueling,1 stop,93.47,42
BCN,ZRH,2025-06-13,BCN,11:50,13 Jun,ZRH,17:10,13 Jun,Air Europa,1 stop,128.16,42
BCN,ZRH,2025-06-13,BCN,15:10,13 Jun,ZRH,19:20,13 Jun,Brussels Airlines,1 stop,155.01,42
BCN,ZRH,2025-06-13,BCN,22:25,13 Jun,ZRH,07:55,14 Jun,Vueling,1 stop,85.98,42
BCN,ZRH,2025-06-14,BCN,07:00,14 Jun,ZRH,08:55,14 Jun,Vueling,1 stop,78.82,43
BCN,ZRH,2025-06-14,BCN,06:00,14 Jun,ZRH,07:40,14 Jun,Swiss,Direct,122.15,43
BCN,ZRH,2025-06-14,BCN,13:00,14 Jun,ZRH,14:55,14 Jun,Vueling,Direct,144.19,43
BCN,ZRH,2025-06-14,BCN,09:40,14 Jun,ZRH,11:30,14 Jun,Swiss,Direct,188.39,43
BCN,ZRH,2025-06-14,BCN,07:00,14 Jun,ZRH,08:55,14 Jun,Iberia,Direct,202.94,43
BCN,ZRH,2025-06-14,BCN,20:00,14 Jun,ZRH,21:45,14 Jun,Swiss,Direct,222.04,43
BCN,ZRH,2025-06-14,BCN,14:55,14 Jun,ZRH,16:40,14 Jun,Swiss,Direct,280.52,43
BCN,ZRH,2025-06-14,BCN,13:00,14 Jun,ZRH,14:55,14 Jun,Iberia,Direct,273.12,43
BCN,ZRH,2025-06-14,BCN,20:30,14 Jun,ZRH,10:10,15 Jun,Air Europa,Direct,66.57,43
BCN,ZRH,2025-06-14,BCN,06:20,14 Jun,ZRH,18:15,14 Jun,ITA Airways,1 stop,87.17,43
BCN,ZRH,2025-06-14,BCN,21:40,14 Jun,ZRH,07:55,15 Jun,Wizz Air Malta,1 stop,98.29,43
BCN,ZRH,2025-06-14,BCN,11:40,14 Jun,ZRH,18:15,14 Jun,ITA Airways,1 stop,141.29,43
BCN,ZRH,2025-06-14,BCN,12:55,14 Jun,ZRH,20:25,14 Jun,Wizz Air Malta,1 stop,128.51,43
BCN,ZRH,2025-06-14,BCN,21:55,14 Jun,ZRH,07:55,15 Jun,Vueling,1 stop,107.38,43
BCN,ZRH,2025-06-14,BCN,14:15,14 Jun,ZRH,20:20,14 Jun,Eurowings,1 stop,157.20,43
BCN,ZRH,2025-06-15,BCN,06:00,15 Jun,ZRH,07:40,15 Jun,Swiss,1 stop,150.54,44
BCN,ZRH,2025-06-15,BCN,18:05,15 Jun,ZRH,19:55,15 Jun,Vueling,Direct,156.50,44
BCN,ZRH,2025-06-15,BCN,07:00,15 Jun,ZRH,08:55,15 Jun,Vueling,Direct,170.71,44
BCN,ZRH,2025-06-15,BCN,16:35,15 Jun,ZRH,18:35,15 Jun,Vueling,Direct,186.82,44
BCN,ZRH,2025-06-15,BCN,09:40,15 Jun,ZRH,11:30,15 Jun,Swiss,Direct,270.63,44
BCN,ZRH,2025-06-15,BCN,10:25,15 Jun,ZRH,15:00,15 Jun,Eurowings,Direct,125.93,44
BCN,ZRH,2025-06-15,BCN,07:00,15 Jun,ZRH,08:55,15 Jun,Iberia,1 stop,273.12,44
BCN,ZRH,2025-06-15,BCN,20:00,15 Jun,ZRH,21:45,15 Jun,Swiss,Direct,309.83,44
BCN,ZRH,2025-06-15,BCN,14:55,15 Jun,ZRH,16:40,15 Jun,Swiss,Direct,319.94,44
BCN,ZRH,2025-06-15,BCN,18:35,15 Jun,ZRH,20:25,15 Jun,Swiss,Direct,316.16,44
BCN,ZRH,2025-06-15,BCN,16:35,15 Jun,ZRH,18:35,15 Jun,Iberia,Direct,304.90,44
BCN,ZRH,2025-06-15,BCN,10:05,15 Jun,ZRH,17:35,15 Jun,Eurowings,Direct,125.93,44
BCN,ZRH,2025-06-15,BCN,10:25,15 Jun,ZRH,19:35,15 Jun,Eurowings,1 stop,125.93,44
BCN,ZRH,2025-06-15,BCN,07:50,15 Jun,ZRH,12:15,15 Jun,Lufthansa,1 stop,266.05,44
BCN,ZRH,2025-06-15,BCN,21:55,15 Jun,ZRH,07:55,16 Jun,Vueling,1 stop,149.11,44
BCN,ZRH,2025-06-16,BCN,06:50,16 Jun,ZRH,08:50,16 Jun,Vueling,1 stop,99.67,45
BCN,ZRH,2025-06-16,BCN,12:55,16 Jun,ZRH,14:50,16 Jun,Vueling,Direct,124.29,45
BCN,ZRH,2025-06-16,BCN,06:00,16 Jun,ZRH,07:40,16 Jun,Swiss,Direct,150.54,45
BCN,ZRH,2025-06-16,BCN,20:00,16 Jun,ZRH,21:45,16 Jun,Swiss,Direct,188.39,45
BCN,ZRH,2025-06-16,BCN,18:35,16 Jun,ZRH,20:25,16 Jun,Swiss,Direct,207.58,45
BCN,ZRH,2025-06-16,BCN,09:40,16 Jun,ZRH,11:30,16 Jun,Swiss,Direct,207.79,45
BCN,ZRH,2025-06-16,BCN,14:55,16 Jun,ZRH,16:40,16 Jun,Swiss,Direct,221.60,45
BCN,ZRH,2025-06-16,BCN,06:50,16 Jun,ZRH,08:50,16 Jun,Iberia,Direct,217.00,45
BCN,ZRH,2025-06-16,BCN,12:55,16 Jun,ZRH,14:50,16 Jun,Iberia,Direct,251.13,45
BCN,ZRH,2025-06-16,BCN,09:25,16 Jun,ZRH,15:00,16 Jun,Eurowings,Direct,125.93,45
BCN,ZRH,2025-06-16,BCN,23:30,16 Jun,ZRH,08:55,17 Jun,Vueling,1 stop,91.86,45
BCN,ZRH,2025-06-16,BCN,22:40,16 Jun,ZRH,08:55,17 Jun,Vueling,1 stop,91.86,45
BCN,ZRH,2025-06-16,BCN,15:05,16 Jun,ZRH,21:20,16 Jun,Wizz Air Malta,1 stop,135.73,45
BCN,ZRH,2025-06-16,BCN,07:50,16 Jun,ZRH,12:15,16 Jun,Lufthansa,1 stop,182.88,45
BCN,ZRH,2025-06-16,BCN,22:00,16 Jun,ZRH,08:55,17 Jun,Air Europa,1 stop,95.65,45
BCN,ZRH,2025-06-17,BCN,19:20,17 Jun,ZRH,21:10,17 Jun,Vueling,1 stop,62.11,46
BCN,ZRH,2025-06-17,BCN,07:00,17 Jun,ZRH,08:55,17 Jun,Vueling,Direct,62.11,46
BCN,ZRH,2025-06-17,BCN,06:00,17 Jun,ZRH,07:40,17 Jun,Swiss,Direct,122.14,46
BCN,ZRH,2025-06-17,BCN,14:55,17 Jun,ZRH,16:40,17 Jun,Swiss,Direct,122.14,46
BCN,ZRH,2025-06-17,BCN,20:00,17 Jun,ZRH,21:45,17 Jun,Swiss,Direct,122.14,46
BCN,ZRH,2025-06-17,BCN,09:40,17 Jun,ZRH,11:30,17 Jun,Swiss,Direct,122.14,46
BCN,ZRH,2025-06-17,BCN,19:20,17 Jun,ZRH,21:10,17 Jun,Iberia,Direct,176.03,46
BCN,ZRH,2025-06-17,BCN,07:00,17 Jun,ZRH,08:55,17 Jun,Iberia,Direct,186.95,46
BCN,ZRH,2025-06-17,BCN,20:30,17 Jun,ZRH,10:10,18 Jun,Air Europa,Direct,48.04,46
BCN,ZRH,2025-06-17,BCN,10:20,17 Jun,ZRH,15:15,17 Jun,Eurowings,1 stop,125.93,46
BCN,ZRH,2025-06-17,BCN,15:10,17 Jun,ZRH,19:20,17 Jun,Brussels Airlines,1 stop,155.00,46
BCN,ZRH,2025-06-17,BCN,09:25,17 Jun,ZRH,15:00,17 Jun,Eurowings,1 stop,125.93,46
BCN,ZRH,2025-06-17,BCN,21:55,17 Jun,ZRH,07:55,18 Jun,Vueling,1 stop,88.12,46
BCN,ZRH,2025-06-17,BCN,21:40,17 Jun,ZRH,07:55,18 Jun,Wizz Air Malta,1 stop,86.51,46
BCN,ZRH,2025-06-17,BCN,16:50,17 Jun,ZRH,21:20,17 Jun,ITA Airways,1 stop,163.76,46
BCN,ZRH,2025-06-18,BCN,07:00,18 Jun,ZRH,08:55,18 Jun,Vueling,1 stop,48.25,47
BCN,ZRH,2025-06-18,BCN,19:05,18 Jun,ZRH,20:55,18 Jun,Vueling,Direct,92.08,47
BCN,ZRH,2025-06-18,BCN,06:00,18 Jun,ZRH,07:40,18 Jun,Swiss,Direct,122.14,47
BCN,ZRH,2025-06-18,BCN,14:55,18 Jun,ZRH,16:40,18 Jun,Swiss,Direct,122.14,47
BCN,ZRH,2025-06-18,BCN,20:00,18 Jun,ZRH,21:45,18 Jun,Swiss,Direct,122.14,47
BCN,ZRH,2025-06-18,BCN,09:40,18 Jun,ZRH,11:30,18 Jun,Swiss,Direct,122.14,47
BCN,ZRH,2025-06-18,BCN,07:00,18 Jun,ZRH,08:55,18 Jun,Iberia,Direct,166.18,47
BCN,ZRH,2025-06-18,BCN,19:05,18 Jun,ZRH,20:55,18 Jun,Iberia,Direct,217.00,47
BCN,ZRH,2025-06-18,BCN,15:15,18 Jun,ZRH,21:20,18 Jun,Vueling,Direct,84.91,47
BCN,ZRH,2025-06-18,BCN,15:45,18 Jun,ZRH,20:25,18 Jun,Vueling,1 stop,117.94,47
BCN,ZRH,2025-06-18,BCN,10:30,18 Jun,ZRH,15:00,18 Jun,Eurowings,1 stop,125.93,47
BCN,ZRH,2025-06-18,BCN,16:50,18 Jun,ZRH,21:20,18 Jun,ITA Airways,1 stop,126.62,47
BCN,ZRH,2025-06-18,BCN,10:20,18 Jun,ZRH,15:15,18 Jun,Eurowings,1 stop,125.93,47
BCN,ZRH,2025-06-18,BCN,11:40,18 Jun,ZRH,18:15,18 Jun,ITA Airways,1 stop,104.09,47
BCN,ZRH,2025-06-18,BCN,15:10,18 Jun,ZRH,19:20,18 Jun,Brussels Airlines,1 stop,155.00,47
BCN,ZRH,2025-06-19,BCN,19:30,19 Jun,ZRH,21:20,19 Jun,Vueling,1 stop,85.45,48
BCN,ZRH,2025-06-19,BCN,07:00,19 Jun,ZRH,08:55,19 Jun,Vueling,Direct,85.45,48
BCN,ZRH,2025-06-19,BCN,06:00,19 Jun,ZRH,07:40,19 Jun,Swiss,Direct,122.14,48
BCN,ZRH,2025-06-19,BCN,09:40,19 Jun,ZRH,11:30,19 Jun,Swiss,Direct,122.14,48
BCN,ZRH,2025-06-19,BCN,20:00,19 Jun,ZRH,21:45,19 Jun,Swiss,Direct,137.67,48
BCN,ZRH,2025-06-19,BCN,14:55,19 Jun,ZRH,16:40,19 Jun,Swiss,Direct,168.27,48
BCN,ZRH,2025-06-19,BCN,19:30,19 Jun,ZRH,21:20,19 Jun,Iberia,Direct,202.92,48
BCN,ZRH,2025-06-19,BCN,07:00,19 Jun,ZRH,08:55,19 Jun,Iberia,Direct,202.92,48
BCN,ZRH,2025-06-19,BCN,10:30,19 Jun,ZRH,15:00,19 Jun,Eurowings,Direct,125.93,48
BCN,ZRH,2025-06-19,BCN,16:15,19 Jun,ZRH,20:25,19 Jun,Easyjet,1 stop,146.43,48
BCN,ZRH,2025-06-19,BCN,06:20,19 Jun,ZRH,11:05,19 Jun,KLM,1 stop,136.30,48
BCN,ZRH,2025-06-19,BCN,07:50,19 Jun,ZRH,12:15,19 Jun,Lufthansa,1 stop,150.72,48
BCN,ZRH,2025-06-19,BCN,16:50,19 Jun,ZRH,21:20,19 Jun,ITA Airways,1 stop,151.04,48
BCN,ZRH,2025-06-19,BCN,10:00,19 Jun,ZRH,14:20,19 Jun,Austrian Airlines,1 stop,155.63,48
BCN,ZRH,2025-06-19,BCN,12:50,19 Jun,ZRH,17:25,19 Jun,Lufthansa,1 stop,158.22,48
BCN,ZRH,2025-06-20,BCN,07:00,20 Jun,ZRH,08:55,20 Jun,Vueling,1 stop,85.45,49
BCN,ZRH,2025-06-20,BCN,19:30,20 Jun,ZRH,21:20,20 Jun,Vueling,Direct,124.29,49
BCN,ZRH,2025-06-20,BCN,06:00,20 Jun,ZRH,07:40,20 Jun,Swiss,Direct,150.54,49
BCN,ZRH,2025-06-20,BCN,09:40,20 Jun,ZRH,11:30,20 Jun,Swiss,Direct,150.54,49
BCN,ZRH,2025-06-20,BCN,20:00,20 Jun,ZRH,21:45,20 Jun,Swiss,Direct,174.94,49
BCN,ZRH,2025-06-20,BCN,14:55,20 Jun,ZRH,16:40,20 Jun,Swiss,Direct,207.50,49
BCN,ZRH,2025-06-20,BCN,07:00,20 Jun,ZRH,08:55,20 Jun,Iberia,Direct,202.92,49
BCN,ZRH,2025-06-20,BCN,18:35,20 Jun,ZRH,20:25,20 Jun,Swiss,Direct,214.88,49
BCN,ZRH,2025-06-20,BCN,19:30,20 Jun,ZRH,21:20,20 Jun,Iberia,Direct,251.13,49
BCN,ZRH,2025-06-20,BCN,10:20,20 Jun,ZRH,15:15,20 Jun,Eurowings,Direct,154.34,49
BCN,ZRH,2025-06-20,BCN,15:10,20 Jun,ZRH,19:20,20 Jun,Brussels Airlines,1 stop,187.18,49
BCN,ZRH,2025-06-20,BCN,15:20,20 Jun,ZRH,20:25,20 Jun,Vueling,1 stop,176.44,49
BCN,ZRH,2025-06-20,BCN,15:20,20 Jun,ZRH,20:25,20 Jun,Vueling,1 stop,189.90,49
BCN,ZRH,2025-06-20,BCN,15:15,20 Jun,ZRH,21:20,20 Jun,Vueling,1 stop,167.28,49
BCN,ZRH,2025-06-20,BCN,14:35,20 Jun,ZRH,20:25,20 Jun,Easyjet,1 stop,175.92,49
BCN,ZRH,2025-06-21,BCN,07:00,21 Jun,ZRH,08:55,21 Jun,Vueling,1 stop,99.67,50
BCN,ZRH,2025-06-21,BCN,06:00,21 Jun,ZRH,07:40,21 Jun,Swiss,Direct,150.54,50
BCN,ZRH,2025-06-21,BCN,13:00,21 Jun,ZRH,14:55,21 Jun,Vueling,Direct,144.19,50
BCN,ZRH,2025-06-21,BCN,07:00,21 Jun,ZRH,08:55,21 Jun,Iberia,Direct,217.00,50
BCN,ZRH,2025-06-21,BCN,20:00,21 Jun,ZRH,21:45,21 Jun,Swiss,Direct,267.89,50
BCN,ZRH,2025-06-21,BCN,14:55,21 Jun,ZRH,16:40,21 Jun,Swiss,Direct,280.90,50
BCN,ZRH,2025-06-21,BCN,09:40,21 Jun,ZRH,11:30,21 Jun,Swiss,Direct,280.90,50
BCN,ZRH,2025-06-21,BCN,12:55,21 Jun,ZRH,14:50,21 Jun,Iberia,Direct,273.10,50
BCN,ZRH,2025-06-21,BCN,15:50,21 Jun,ZRH,20:25,21 Jun,Vueling,Direct,212.19,50
BCN,ZRH,2025-06-21,BCN,21:25,21 Jun,ZRH,07:00,22 Jun,Vueling,1 stop,128.70,50
BCN,ZRH,2025-06-21,BCN,10:55,21 Jun,ZRH,15:50,21 Jun,Vueling,1 stop,228.86,50
BCN,ZRH,2025-06-21,BCN,19:35,21 Jun,ZRH,07:00,22 Jun,Vueling,1 stop,128.70,50
BCN,ZRH,2025-06-21,BCN,16:50,21 Jun,ZRH,21:20,21 Jun,ITA Airways,1 stop,258.92,50
BCN,ZRH,2025-06-21,BCN,12:50,21 Jun,ZRH,17:25,21 Jun,Lufthansa,1 stop,259.44,50
BCN,ZRH,2025-06-21,BCN,15:40,21 Jun,ZRH,20:30,21 Jun,Wizz Air Malta,1 stop,256.45,50
BCN,ZRH,2025-06-22,BCN,07:00,22 Jun,ZRH,08:55,22 Jun,Vueling,1 stop,144.19,51
BCN,ZRH,2025-06-22,BCN,06:00,22 Jun,ZRH,07:40,22 Jun,Swiss,Direct,174.52,51
BCN,ZRH,2025-06-22,BCN,19:30,22 Jun,ZRH,21:20,22 Jun,Vueling,Direct,186.82,51
BCN,ZRH,2025-06-22,BCN,10:25,22 Jun,ZRH,15:00,22 Jun,Eurowings,Direct,125.93,51
BCN,ZRH,2025-06-22,BCN,07:00,22 Jun,ZRH,08:55,22 Jun,Iberia,1 stop,273.10,51
BCN,ZRH,2025-06-22,BCN,19:30,22 Jun,ZRH,21:20,22 Jun,Iberia,Direct,304.87,51
BCN,ZRH,2025-06-22,BCN,20:00,22 Jun,ZRH,21:45,22 Jun,Swiss,Direct,319.94,51
BCN,ZRH,2025-06-22,BCN,18:35,22 Jun,ZRH,20:25,22 Jun,Swiss,Direct,319.94,51
BCN,ZRH,2025-06-22,BCN,14:55,22 Jun,ZRH,16:40,22 Jun,Swiss,Direct,360.79,51
BCN,ZRH,2025-06-22,BCN,09:40,22 Jun,ZRH,11:30,22 Jun,Swiss,Direct,376.31,51
BCN,ZRH,2025-06-22,BCN,10:05,22 Jun,ZRH,17:35,22 Jun,Eurowings,Direct,125.93,51
BCN,ZRH,2025-06-22,BCN,15:50,22 Jun,ZRH,20:25,22 Jun,Vueling,1 stop,210.37,51
BCN,ZRH,2025-06-22,BCN,10:25,22 Jun,ZRH,19:35,22 Jun,Eurowings,1 stop,125.93,51
BCN,ZRH,2025-06-22,BCN,07:45,22 Jun,ZRH,11:40,22 Jun,Easyjet,1 stop,260.75,51
BCN,ZRH,2025-06-22,BCN,15:50,22 Jun,ZRH,20:25,22 Jun,Vueling,1 stop,254.91,51
BCN,ZRH,2025-06-23,BCN,07:05,23 Jun,ZRH,09:00,23 Jun,Vueling,1 stop,92.08,52
BCN,ZRH,2025-06-23,BCN,23:30,23 Jun,ZRH,08:55,24 Jun,Vueling,Direct,91.86,52
BCN,ZRH,2025-06-23,BCN,06:00,23 Jun,ZRH,07:40,23 Jun,Swiss,1 stop,150.54,52
BCN,ZRH,2025-06-23,BCN,12:55,23 Jun,ZRH,14:50,23 Jun,Vueling,Direct,99.67,52
BCN,ZRH,2025-06-23,BCN,18:35,23 Jun,ZRH,20:25,23 Jun,Swiss,Direct,165.60,52
BCN,ZRH,2025-06-23,BCN,20:00,23 Jun,ZRH,21:45,23 Jun,Swiss,Direct,172.92,52
BCN,ZRH,2025-06-23,BCN,14:55,23 Jun,ZRH,16:40,23 Jun,Swiss,Direct,188.39,52
BCN,ZRH,2025-06-23,BCN,09:40,23 Jun,ZRH,11:30,23 Jun,Swiss,Direct,188.39,52
BCN,ZRH,2025-06-23,BCN,07:05,23 Jun,ZRH,09:00,23 Jun,Iberia,Direct,217.00,52
BCN,ZRH,2025-06-23,BCN,12:55,23 Jun,ZRH,14:50,23 Jun,Iberia,Direct,217.00,52
BCN,ZRH,2025-06-23,BCN,08:45,23 Jun,ZRH,13:50,23 Jun,Eurowings,Direct,125.93,52
BCN,ZRH,2025-06-23,BCN,09:25,23 Jun,ZRH,14:50,23 Jun,Eurowings,1 stop,125.93,52
BCN,ZRH,2025-06-23,BCN,17:50,23 Jun,ZRH,22:25,23 Jun,KLM,1 stop,151.34,52
BCN,ZRH,2025-06-23,BCN,22:40,23 Jun,ZRH,08:55,24 Jun,Vueling,1 stop,91.86,52
BCN,ZRH,2025-06-23,BCN,15:50,23 Jun,ZRH,20:25,23 Jun,Vueling,1 stop,187.03,52
BCN,ZRH,2025-06-24,BCN,07:00,24 Jun,ZRH,08:55,24 Jun,Vueling,1 stop,85.45,53
BCN,ZRH,2025-06-24,BCN,23:30,24 Jun,ZRH,10:45,25 Jun,Vueling,Direct,63.50,53
BCN,ZRH,2025-06-24,BCN,06:00,24 Jun,ZRH,07:40,24 Jun,Swiss,1 stop,122.14,53
BCN,ZRH,2025-06-24,BCN,18:30,24 Jun,ZRH,20:20,24 Jun,Vueling,Direct,92.08,53
BCN,ZRH,2025-06-24,BCN,14:55,24 Jun,ZRH,16:40,24 Jun,Swiss,Direct,122.14,53
BCN,ZRH,2025-06-24,BCN,20:00,24 Jun,ZRH,21:45,24 Jun,Swiss,Direct,122.14,53
BCN,ZRH,2025-06-24,BCN,09:40,24 Jun,ZRH,11:30,24 Jun,Swiss,Direct,122.14,53
BCN,ZRH,2025-06-24,BCN,07:00,24 Jun,ZRH,08:55,24 Jun,Iberia,Direct,202.92,53
BCN,ZRH,2025-06-24,BCN,18:30,24 Jun,ZRH,20:20,24 Jun,Iberia,Direct,217.00,53
BCN,ZRH,2025-06-24,BCN,13:35,24 Jun,ZRH,19:00,24 Jun,Iberia,Direct,101.46,53
BCN,ZRH,2025-06-24,BCN,23:30,24 Jun,ZRH,09:20,25 Jun,Vueling,1 stop,65.26,53
BCN,ZRH,2025-06-24,BCN,10:20,24 Jun,ZRH,15:15,24 Jun,Eurowings,1 stop,125.93,53
BCN,ZRH,2025-06-24,BCN,21:25,24 Jun,ZRH,09:20,25 Jun,Vueling,1 stop,65.26,53
BCN,ZRH,2025-06-24,BCN,17:50,24 Jun,ZRH,22:25,24 Jun,KLM,1 stop,136.30,53
BCN,ZRH,2025-06-24,BCN,21:25,24 Jun,ZRH,10:45,25 Jun,Vueling,1 stop,63.50,53
BCN,ZRH,2025-06-25,BCN,07:00,25 Jun,ZRH,08:55,25 Jun,Vueling,1 stop,36.39,54
BCN,ZRH,2025-06-25,BCN,19:05,25 Jun,ZRH,20:55,25 Jun,Vueling,Direct,85.45,54
BCN,ZRH,2025-06-25,BCN,06:00,25 Jun,ZRH,07:40,25 Jun,Swiss,Direct,122.14,54
BCN,ZRH,2025-06-25,BCN,14:55,25 Jun,ZRH,16:40,25 Jun,Swiss,Direct,122.14,54
BCN,ZRH,2025-06-25,BCN,20:00,25 Jun,ZRH,21:45,25 Jun,Swiss,Direct,122.14,54
BCN,ZRH,2025-06-25,BCN,09:40,25 Jun,ZRH,11:30,25 Jun,Swiss,Direct,122.14,54
BCN,ZRH,2025-06-25,BCN,07:00,25 Jun,ZRH,08:55,25 Jun,Iberia,Direct,176.03,54
BCN,ZRH,2025-06-25,BCN,19:05,25 Jun,ZRH,20:55,25 Jun,Iberia,Direct,202.92,54
BCN,ZRH,2025-06-25,BCN,23:30,25 Jun,ZRH,08:55,26 Jun,Vueling,Direct,65.26,54
BCN,ZRH,2025-06-25,BCN,22:40,25 Jun,ZRH,08:55,26 Jun,Vueling,1 stop,65.26,54
BCN,ZRH,2025-06-25,BCN,10:30,25 Jun,ZRH,15:00,25 Jun,Eurowings,1 stop,125.93,54
BCN,ZRH,2025-06-25,BCN,16:50,25 Jun,ZRH,21:20,25 Jun,ITA Airways,1 stop,126.62,54
BCN,ZRH,2025-06-25,BCN,21:30,25 Jun,ZRH,08:55,26 Jun,Vueling,1 stop,65.26,54
BCN,ZRH,2025-06-25,BCN,10:20,25 Jun,ZRH,15:15,25 Jun,Eurowings,1 stop,125.93,54
BCN,ZRH,2025-06-25,BCN,17:50,25 Jun,ZRH,22:25,25 Jun,KLM,1 stop,136.30,54
BCN,ZRH,2025-06-26,BCN,07:00,26 Jun,ZRH,08:55,26 Jun,Vueling,1 stop,67.62,55
BCN,ZRH,2025-06-26,BCN,19:30,26 Jun,ZRH,21:20,26 Jun,Vueling,Direct,85.45,55
BCN,ZRH,2025-06-26,BCN,06:00,26 Jun,ZRH,07:40,26 Jun,Swiss,Direct,122.14,55
BCN,ZRH,2025-06-26,BCN,14:55,26 Jun,ZRH,16:40,26 Jun,Swiss,Direct,122.14,55
BCN,ZRH,2025-06-26,BCN,20:00,26 Jun,ZRH,21:45,26 Jun,Swiss,Direct,122.14,55
BCN,ZRH,2025-06-26,BCN,09:40,26 Jun,ZRH,11:30,26 Jun,Swiss,Direct,122.14,55
BCN,ZRH,2025-06-26,BCN,07:00,26 Jun,ZRH,08:55,26 Jun,Iberia,Direct,186.92,55
BCN,ZRH,2025-06-26,BCN,19:30,26 Jun,ZRH,21:20,26 Jun,Iberia,Direct,202.90,55
BCN,ZRH,2025-06-26,BCN,23:30,26 Jun,ZRH,09:15,27 Jun,Vueling,Direct,69.04,55
BCN,ZRH,2025-06-26,BCN,10:30,26 Jun,ZRH,15:00,26 Jun,Eurowings,1 stop,125.93,55
BCN,ZRH,2025-06-26,BCN,16:50,26 Jun,ZRH,21:20,26 Jun,ITA Airways,1 stop,126.62,55
BCN,ZRH,2025-06-26,BCN,13:45,26 Jun,ZRH,18:35,26 Jun,Eurowings,1 stop,125.93,55
BCN,ZRH,2025-06-26,BCN,17:50,26 Jun,ZRH,22:25,26 Jun,KLM,1 stop,136.27,55
BCN,ZRH,2025-06-26,BCN,06:20,26 Jun,ZRH,11:00,26 Jun,KLM,1 stop,136.27,55
BCN,ZRH,2025-06-26,BCN,15:10,26 Jun,ZRH,19:20,26 Jun,Brussels Airlines,1 stop,155.00,55
BCN,ZRH,2025-06-27,BCN,07:00,27 Jun,ZRH,08:55,27 Jun,Vueling,1 stop,67.62,56
BCN,ZRH,2025-06-27,BCN,18:45,27 Jun,ZRH,20:35,27 Jun,Vueling,Direct,124.29,56
BCN,ZRH,2025-06-27,BCN,06:00,27 Jun,ZRH,07:40,27 Jun,Swiss,Direct,150.54,56
BCN,ZRH,2025-06-27,BCN,14:55,27 Jun,ZRH,16:40,27 Jun,Swiss,Direct,150.54,56
BCN,ZRH,2025-06-27,BCN,20:00,27 Jun,ZRH,21:45,27 Jun,Swiss,Direct,150.54,56
BCN,ZRH,2025-06-27,BCN,09:40,27 Jun,ZRH,11:30,27 Jun,Swiss,Direct,150.54,56
BCN,ZRH,2025-06-27,BCN,18:35,27 Jun,ZRH,20:25,27 Jun,Swiss,Direct,150.54,56
BCN,ZRH,2025-06-27,BCN,07:00,27 Jun,ZRH,08:55,27 Jun,Iberia,Direct,186.92,56
BCN,ZRH,2025-06-27,BCN,18:45,27 Jun,ZRH,20:35,27 Jun,Iberia,Direct,251.10,56
BCN,ZRH,2025-06-27,BCN,10:20,27 Jun,ZRH,15:15,27 Jun,Eurowings,Direct,125.93,56
BCN,ZRH,2025-06-27,BCN,13:10,27 Jun,ZRH,18:35,27 Jun,Eurowings,1 stop,125.93,56
BCN,ZRH,2025-06-27,BCN,22:25,27 Jun,ZRH,07:55,28 Jun,Vueling,1 stop,84.91,56
BCN,ZRH,2025-06-27,BCN,15:15,27 Jun,ZRH,21:20,27 Jun,Vueling,1 stop,125.57,56
BCN,ZRH,2025-06-27,BCN,11:40,27 Jun,ZRH,18:15,27 Jun,ITA Airways,1 stop,119.67,56
BCN,ZRH,2025-06-27,BCN,21:40,27 Jun,ZRH,07:55,28 Jun,Wizz Air Malta,1 stop,86.51,56
BCN,ZRH,2025-06-28,BCN,07:00,28 Jun,ZRH,08:55,28 Jun,Vueling,1 stop,73.17,57
BCN,ZRH,2025-06-28,BCN,06:00,28 Jun,ZRH,07:40,28 Jun,Swiss,Direct,150.54,57
BCN,ZRH,2025-06-28,BCN,20:00,28 Jun,ZRH,21:45,28 Jun,Swiss,Direct,180.43,57
BCN,ZRH,2025-06-28,BCN,13:00,28 Jun,ZRH,14:55,28 Jun,Vueling,Direct,170.71,57
BCN,ZRH,2025-06-28,BCN,09:40,28 Jun,ZRH,11:30,28 Jun,Swiss,Direct,188.39,57
BCN,ZRH,2025-06-28,BCN,07:00,28 Jun,ZRH,08:55,28 Jun,Iberia,Direct,186.92,57
BCN,ZRH,2025-06-28,BCN,14:55,28 Jun,ZRH,16:40,28 Jun,Swiss,Direct,217.00,57
BCN,ZRH,2025-06-28,BCN,15:50,28 Jun,ZRH,20:25,28 Jun,Vueling,Direct,139.31,57
BCN,ZRH,2025-06-28,BCN,12:55,28 Jun,ZRH,14:50,28 Jun,Iberia,1 stop,304.84,57
BCN,ZRH,2025-06-28,BCN,17:20,28 Jun,ZRH,22:25,28 Jun,KLM,Direct,151.32,57
BCN,ZRH,2025-06-28,BCN,21:40,28 Jun,ZRH,07:55,29 Jun,Wizz Air Malta,1 stop,94.00,57
BCN,ZRH,2025-06-28,BCN,15:55,28 Jun,ZRH,22:25,28 Jun,KLM,1 stop,136.27,57
BCN,ZRH,2025-06-28,BCN,12:55,28 Jun,ZRH,20:25,28 Jun,Wizz Air Malta,1 stop,124.99,57
BCN,ZRH,2025-06-28,BCN,10:00,28 Jun,ZRH,21:20,28 Jun,Wizz Air Malta,1 stop,92.94,57
BCN,ZRH,2025-06-28,BCN,19:05,28 Jun,ZRH,07:55,29 Jun,Vueling,1 stop,84.91,57
BCN,ZRH,2025-06-29,BCN,07:00,29 Jun,ZRH,08:55,29 Jun,Vueling,1 stop,85.45,58
BCN,ZRH,2025-06-29,BCN,06:00,29 Jun,ZRH,07:40,29 Jun,Swiss,Direct,150.54,58
BCN,ZRH,2025-06-29,BCN,07:00,29 Jun,ZRH,08:55,29 Jun,Iberia,Direct,202.90,58
BCN,ZRH,2025-06-29,BCN,20:00,29 Jun,ZRH,21:45,29 Jun,Swiss,Direct,224.35,58
BCN,ZRH,2025-06-29,BCN,19:30,29 Jun,ZRH,21:20,29 Jun,Vueling,Direct,260.72,58
BCN,ZRH,2025-06-29,BCN,09:40,29 Jun,ZRH,11:30,29 Jun,Swiss,Direct,267.89,58
BCN,ZRH,2025-06-29,BCN,10:25,29 Jun,ZRH,15:00,29 Jun,Eurowings,Direct,125.93,58
BCN,ZRH,2025-06-29,BCN,14:55,29 Jun,ZRH,16:40,29 Jun,Swiss,1 stop,287.83,58
BCN,ZRH,2025-06-29,BCN,18:35,29 Jun,ZRH,20:25,29 Jun,Swiss,Direct,369.43,58
BCN,ZRH,2025-06-29,BCN,19:30,29 Jun,ZRH,21:20,29 Jun,Iberia,Direct,384.99,58
BCN,ZRH,2025-06-29,BCN,10:05,29 Jun,ZRH,17:35,29 Jun,Eurowings,Direct,125.93,58
BCN,ZRH,2025-06-29,BCN,21:40,29 Jun,ZRH,07:55,30 Jun,Wizz Air Malta,1 stop,108.98,58
BCN,ZRH,2025-06-29,BCN,10:25,29 Jun,ZRH,19:35,29 Jun,Eurowings,1 stop,125.93,58
BCN,ZRH,2025-06-29,BCN,17:20,29 Jun,ZRH,22:25,29 Jun,KLM,1 stop,221.93,58
BCN,ZRH,2025-06-29,BCN,15:50,29 Jun,ZRH,20:25,29 Jun,Vueling,1 stop,241.52,58
BCN,ZRH,2025-06-30,BCN,12:55,30 Jun,ZRH,14:50,30 Jun,Vueling,1 stop,124.29,59
BCN,ZRH,2025-06-30,BCN,06:00,30 Jun,ZRH,07:40,30 Jun,Swiss,Direct,150.54,59
BCN,ZRH,2025-06-30,BCN,20:00,30 Jun,ZRH,21:45,30 Jun,Swiss,Direct,150.54,59
BCN,ZRH,2025-06-30,BCN,07:05,30 Jun,ZRH,09:00,30 Jun,Vueling,Direct,156.50,59
BCN,ZRH,2025-06-30,BCN,14:55,30 Jun,ZRH,16:40,30 Jun,Swiss,Direct,186.89,59
BCN,ZRH,2025-06-30,BCN,09:40,30 Jun,ZRH,11:30,30 Jun,Swiss,Direct,188.39,59
BCN,ZRH,2025-06-30,BCN,12:55,30 Jun,ZRH,14:50,30 Jun,Iberia,Direct,251.10,59
BCN,ZRH,2025-06-30,BCN,22:40,30 Jun,ZRH,08:55,1 Jul,Vueling,Direct,70.70,59
BCN,ZRH,2025-06-30,BCN,08:45,30 Jun,ZRH,13:50,30 Jun,Eurowings,1 stop,125.93,59
BCN,ZRH,2025-06-30,BCN,07:05,30 Jun,ZRH,09:00,30 Jun,Iberia,1 stop,304.84,59
BCN,ZRH,2025-06-30,BCN,09:25,30 Jun,ZRH,15:00,30 Jun,Eurowings,Direct,125.93,59
BCN,ZRH,2025-06-30,BCN,15:50,30 Jun,ZRH,20:25,30 Jun,Vueling,1 stop,157.32,59
BCN,ZRH,2025-06-30,BCN,23:25,30 Jun,ZRH,06:55,1 Jul,Wizz Air Malta,1 stop,117.27,59
BCN,ZRH,2025-06-30,BCN,20:50,30 Jun,ZRH,08:55,1 Jul,Vueling,1 stop,82.29,59
BCN,ZRH,2025-06-30,BCN,23:30,30 Jun,ZRH,08:55,1 Jul,Vueling,1 stop,100.46,59
BCN,ZRH,2025-07-01,BCN,07:00,1 Jul,ZRH,08:55,1 Jul,Vueling,1 stop,43.53,60
BCN,ZRH,2025-07-01,BCN,06:00,1 Jul,ZRH,07:40,1 Jul,Swiss,Direct,122.14,60
BCN,ZRH,2025-07-01,BCN,18:30,1 Jul,ZRH,20:20,1 Jul,Vueling,Direct,73.14,60
BCN,ZRH,2025-07-01,BCN,14:55,1 Jul,ZRH,16:40,1 Jul,Swiss,Direct,122.14,60
BCN,ZRH,2025-07-01,BCN,20:00,1 Jul,ZRH,21:45,1 Jul,Swiss,Direct,122.14,60
BCN,ZRH,2025-07-01,BCN,09:40,1 Jul,ZRH,11:30,1 Jul,Swiss,Direct,122.14,60
BCN,ZRH,2025-07-01,BCN,07:00,1 Jul,ZRH,08:55,1 Jul,Iberia,Direct,153.52,60
BCN,ZRH,2025-07-01,BCN,18:30,1 Jul,ZRH,20:20,1 Jul,Iberia,Direct,186.89,60
BCN,ZRH,2025-07-01,BCN,13:35,1 Jul,ZRH,19:00,1 Jul,Iberia,Direct,84.42,60
BCN,ZRH,2025-07-01,BCN,23:30,1 Jul,ZRH,09:20,2 Jul,Vueling,1 stop,61.49,60
BCN,ZRH,2025-07-01,BCN,23:30,1 Jul,ZRH,10:45,2 Jul,Vueling,1 stop,63.50,60
BCN,ZRH,2025-07-01,BCN,21:20,1 Jul,ZRH,09:20,2 Jul,Vueling,1 stop,61.49,60
BCN,ZRH,2025-07-01,BCN,23:50,1 Jul,ZRH,09:25,2 Jul,Vueling,1 stop,74.43,60
BCN,ZRH,2025-07-01,BCN,11:40,1 Jul,ZRH,18:15,1 Jul,ITA Airways,1 stop,105.15,60
BCN,ZRH,2025-07-01,BCN,12:00,1 Jul,ZRH,16:10,1 Jul,Lufthansa,1 stop,150.71,60
BCN,ZRH,2025-07-02,BCN,07:00,2 Jul,ZRH,08:55,2 Jul,Vueling,1 stop,38.87,61
BCN,ZRH,2025-07-02,BCN,06:00,2 Jul,ZRH,07:40,2 Jul,Swiss,Direct,122.14,61
BCN,ZRH,2025-07-02,BCN,19:05,2 Jul,ZRH,20:55,2 Jul,Vueling,Direct,73.14,61
BCN,ZRH,2025-07-02,BCN,14:55,2 Jul,ZRH,16:40,2 Jul,Swiss,Direct,122.14,61
BCN,ZRH,2025-07-02,BCN,20:00,2 Jul,ZRH,21:45,2 Jul,Swiss,Direct,122.14,61
BCN,ZRH,2025-07-02,BCN,09:40,2 Jul,ZRH,11:30,2 Jul,Swiss,Direct,122.14,61
BCN,ZRH,2025-07-02,BCN,07:00,2 Jul,ZRH,08:55,2 Jul,Iberia,Direct,153.52,61
BCN,ZRH,2025-07-02,BCN,19:05,2 Jul,ZRH,20:55,2 Jul,Iberia,Direct,186.89,61
BCN,ZRH,2025-07-02,BCN,13:35,2 Jul,ZRH,19:00,2 Jul,Iberia,Direct,84.42,61
BCN,ZRH,2025-07-02,BCN,23:30,2 Jul,ZRH,08:55,3 Jul,Vueling,1 stop,65.26,61
BCN,ZRH,2025-07-02,BCN,23:30,2 Jul,ZRH,10:40,3 Jul,Vueling,1 stop,63.50,61
BCN,ZRH,2025-07-02,BCN,15:45,2 Jul,ZRH,20:25,2 Jul,Vueling,1 stop,125.58,61
BCN,ZRH,2025-07-02,BCN,22:40,2 Jul,ZRH,08:55,3 Jul,Vueling,1 stop,70.99,61
BCN,ZRH,2025-07-02,BCN,11:40,2 Jul,ZRH,18:15,2 Jul,ITA Airways,1 stop,105.16,61
BCN,ZRH,2025-07-02,BCN,06:20,2 Jul,ZRH,11:05,2 Jul,KLM,1 stop,136.25,61
BCN,ZRH,2025-07-03,BCN,19:30,3 Jul,ZRH,21:20,3 Jul,Vueling,1 stop,57.47,62
BCN,ZRH,2025-07-03,BCN,06:00,3 Jul,ZRH,07:40,3 Jul,Swiss,Direct,122.14,62
BCN,ZRH,2025-07-03,BCN,07:00,3 Jul,ZRH,08:55,3 Jul,Vueling,Direct,57.47,62
BCN,ZRH,2025-07-03,BCN,14:55,3 Jul,ZRH,16:40,3 Jul,Swiss,Direct,122.14,62
BCN,ZRH,2025-07-03,BCN,20:00,3 Jul,ZRH,21:45,3 Jul,Swiss,Direct,122.14,62
BCN,ZRH,2025-07-03,BCN,09:40,3 Jul,ZRH,11:30,3 Jul,Swiss,Direct,122.14,62
BCN,ZRH,2025-07-03,BCN,19:30,3 Jul,ZRH,21:20,3 Jul,Iberia,Direct,171.08,62
BCN,ZRH,2025-07-03,BCN,07:00,3 Jul,ZRH,08:55,3 Jul,Iberia,Direct,171.08,62
BCN,ZRH,2025-07-03,BCN,13:35,3 Jul,ZRH,19:00,3 Jul,Iberia,Direct,84.42,62
BCN,ZRH,2025-07-03,BCN,11:50,3 Jul,ZRH,17:10,3 Jul,Air Europa,1 stop,100.32,62
BCN,ZRH,2025-07-03,BCN,22:40,3 Jul,ZRH,09:15,4 Jul,Vueling,1 stop,69.04,62
BCN,ZRH,2025-07-03,BCN,23:30,3 Jul,ZRH,09:15,4 Jul,Vueling,1 stop,74.74,62
BCN,ZRH,2025-07-03,BCN,06:20,3 Jul,ZRH,11:05,3 Jul,KLM,1 stop,136.25,62
BCN,ZRH,2025-07-03,BCN,12:00,3 Jul,ZRH,16:10,3 Jul,Lufthansa,1 stop,150.71,62
BCN,ZRH,2025-07-03,BCN,15:10,3 Jul,ZRH,19:20,3 Jul,Brussels Airlines,1 stop,154.99,62
BCN,ZRH,2025-07-04,BCN,18:45,4 Jul,ZRH,20:35,4 Jul,Vueling,1 stop,67.71,63
BCN,ZRH,2025-07-04,BCN,07:00,4 Jul,ZRH,08:55,4 Jul,Vueling,Direct,73.14,63
BCN,ZRH,2025-07-04,BCN,06:00,4 Jul,ZRH,07:40,4 Jul,Swiss,Direct,150.54,63
BCN,ZRH,2025-07-04,BCN,14:55,4 Jul,ZRH,16:40,4 Jul,Swiss,Direct,150.54,63
BCN,ZRH,2025-07-04,BCN,20:00,4 Jul,ZRH,21:45,4 Jul,Swiss,Direct,150.54,63
BCN,ZRH,2025-07-04,BCN,09:40,4 Jul,ZRH,11:30,4 Jul,Swiss,Direct,150.54,63
BCN,ZRH,2025-07-04,BCN,18:35,4 Jul,ZRH,20:25,4 Jul,Swiss,Direct,150.54,63
BCN,ZRH,2025-07-04,BCN,18:45,4 Jul,ZRH,20:35,4 Jul,Iberia,Direct,186.89,63
BCN,ZRH,2025-07-04,BCN,07:00,4 Jul,ZRH,08:55,4 Jul,Iberia,Direct,186.89,63
BCN,ZRH,2025-07-04,BCN,08:45,4 Jul,ZRH,14:00,4 Jul,Iberia,Direct,84.42,63
BCN,ZRH,2025-07-04,BCN,08:00,4 Jul,ZRH,14:00,4 Jul,Iberia,1 stop,84.42,63
BCN,ZRH,2025-07-04,BCN,11:40,4 Jul,ZRH,18:15,4 Jul,ITA Airways,1 stop,105.41,63
BCN,ZRH,2025-07-04,BCN,07:10,4 Jul,ZRH,15:00,4 Jul,Vueling,1 stop,98.81,63
BCN,ZRH,2025-07-04,BCN,22:25,4 Jul,ZRH,07:55,5 Jul,Vueling,1 stop,86.31,63
BCN,ZRH,2025-07-04,BCN,23:25,4 Jul,ZRH,06:55,5 Jul,Wizz Air Malta,1 stop,104.66,63
BCN,ZRH,2025-07-05,BCN,07:00,5 Jul,ZRH,08:55,5 Jul,Vueling,1 stop,57.47,64
BCN,ZRH,2025-07-05,BCN,06:00,5 Jul,ZRH,07:40,5 Jul,Swiss,Direct,150.54,64
BCN,ZRH,2025-07-05,BCN,13:00,5 Jul,ZRH,14:55,5 Jul,Vueling,Direct,73.14,64
BCN,ZRH,2025-07-05,BCN,20:00,5 Jul,ZRH,21:45,5 Jul,Swiss,Direct,150.54,64
BCN,ZRH,2025-07-05,BCN,09:40,5 Jul,ZRH,11:30,5 Jul,Swiss,Direct,150.54,64
BCN,ZRH,2025-07-05,BCN,14:55,5 Jul,ZRH,16:40,5 Jul,Swiss,Direct,188.38,64
BCN,ZRH,2025-07-05,BCN,07:00,5 Jul,ZRH,08:55,5 Jul,Iberia,Direct,175.98,64
BCN,ZRH,2025-07-05,BCN,13:00,5 Jul,ZRH,14:55,5 Jul,Iberia,Direct,186.89,64
BCN,ZRH,2025-07-05,BCN,15:50,5 Jul,ZRH,20:25,5 Jul,Vueling,Direct,146.19,64
BCN,ZRH,2025-07-05,BCN,10:55,5 Jul,ZRH,15:50,5 Jul,Vueling,1 stop,139.88,64
BCN,ZRH,2025-07-05,BCN,23:10,5 Jul,ZRH,09:35,6 Jul,Vueling,1 stop,81.70,64
BCN,ZRH,2025-07-05,BCN,11:40,5 Jul,ZRH,18:15,5 Jul,ITA Airways,1 stop,119.05,64
BCN,ZRH,2025-07-05,BCN,07:40,5 Jul,ZRH,11:40,5 Jul,Easyjet,1 stop,175.19,64
BCN,ZRH,2025-07-05,BCN,21:40,5 Jul,ZRH,07:55,6 Jul,Wizz Air Malta,1 stop,86.51,64
BCN,ZRH,2025-07-05,BCN,17:20,5 Jul,ZRH,22:25,5 Jul,KLM,1 stop,151.29,64
BCN,ZRH,2025-07-06,BCN,07:00,6 Jul,ZRH,08:55,6 Jul,Vueling,1 stop,85.45,65
BCN,ZRH,2025-07-06,BCN,06:00,6 Jul,ZRH,07:40,6 Jul,Swiss,Direct,150.52,65
BCN,ZRH,2025-07-06,BCN,19:30,6 Jul,ZRH,21:20,6 Jul,Vueling,Direct,170.71,65
BCN,ZRH,2025-07-06,BCN,20:00,6 Jul,ZRH,21:45,6 Jul,Swiss,Direct,188.37,65
BCN,ZRH,2025-07-06,BCN,09:40,6 Jul,ZRH,11:30,6 Jul,Swiss,Direct,186.13,65
BCN,ZRH,2025-07-06,BCN,18:35,6 Jul,ZRH,20:25,6 Jul,Swiss,Direct,188.37,65
BCN,ZRH,2025-07-06,BCN,07:00,6 Jul,ZRH,08:55,6 Jul,Iberia,Direct,202.91,65
BCN,ZRH,2025-07-06,BCN,14:55,6 Jul,ZRH,16:40,6 Jul,Swiss,Direct,284.82,65
BCN,ZRH,2025-07-06,BCN,19:30,6 Jul,ZRH,21:20,6 Jul,Iberia,Direct,304.87,65
BCN,ZRH,2025-07-06,BCN,06:20,6 Jul,ZRH,11:05,6 Jul,KLM,Direct,151.15,65
BCN,ZRH,2025-07-06,BCN,17:20,6 Jul,ZRH,22:25,6 Jul,KLM,1 stop,151.15,65
BCN,ZRH,2025-07-06,BCN,14:50,6 Jul,ZRH,22:20,6 Jul,Iberia,1 stop,119.58,65
BCN,ZRH,2025-07-06,BCN,22:45,6 Jul,ZRH,09:35,7 Jul,Vueling,1 stop,98.45,65
BCN,ZRH,2025-07-06,BCN,05:50,6 Jul,ZRH,11:40,6 Jul,Vueling,1 stop,160.93,65
BCN,ZRH,2025-07-06,BCN,06:20,6 Jul,ZRH,13:45,6 Jul,KLM,1 stop,151.15,65
BCN,ZRH,2025-07-07,BCN,12:55,7 Jul,ZRH,14:50,7 Jul,Vueling,1 stop,73.14,66
BCN,ZRH,2025-07-07,BCN,23:30,7 Jul,ZRH,08:55,8 Jul,Vueling,Direct,61.49,66
BCN,ZRH,2025-07-07,BCN,06:00,7 Jul,ZRH,07:40,7 Jul,Swiss,1 stop,150.52,66
BCN,ZRH,2025-07-07,BCN,07:05,7 Jul,ZRH,09:00,7 Jul,Vueling,Direct,99.67,66
BCN,ZRH,2025-07-07,BCN,20:00,7 Jul,ZRH,21:45,7 Jul,Swiss,Direct,150.52,66
BCN,ZRH,2025-07-07,BCN,09:40,7 Jul,ZRH,11:30,7 Jul,Swiss,Direct,150.52,66
BCN,ZRH,2025-07-07,BCN,14:55,7 Jul,ZRH,16:40,7 Jul,Swiss,Direct,188.37,66
BCN,ZRH,2025-07-07,BCN,12:55,7 Jul,ZRH,14:50,7 Jul,Iberia,Direct,186.94,66
BCN,ZRH,2025-07-07,BCN,16:55,7 Jul,ZRH,22:20,7 Jul,Iberia,Direct,84.42,66
BCN,ZRH,2025-07-07,BCN,07:05,7 Jul,ZRH,09:00,7 Jul,Iberia,1 stop,216.99,66
BCN,ZRH,2025-07-07,BCN,22:40,7 Jul,ZRH,08:55,8 Jul,Vueling,Direct,61.49,66
BCN,ZRH,2025-07-07,BCN,13:35,7 Jul,ZRH,19:00,7 Jul,Iberia,1 stop,101.46,66
BCN,ZRH,2025-07-07,BCN,21:30,7 Jul,ZRH,08:55,8 Jul,Vueling,1 stop,61.49,66
BCN,ZRH,2025-07-07,BCN,15:05,7 Jul,ZRH,21:20,7 Jul,Wizz Air Malta,1 stop,106.85,66
BCN,ZRH,2025-07-07,BCN,20:50,7 Jul,ZRH,08:55,8 Jul,Vueling,1 stop,68.50,66
BCN,ZRH,2025-07-09,BCN,19:05,9 Jul,ZRH,20:55,9 Jul,Vueling,1 stop,36.28,68
BCN,ZRH,2025-07-09,BCN,06:00,9 Jul,ZRH,07:40,9 Jul,Swiss,Direct,122.13,68
BCN,ZRH,2025-07-09,BCN,07:00,9 Jul,ZRH,08:55,9 Jul,Vueling,Direct,62.05,68
BCN,ZRH,2025-07-09,BCN,14:55,9 Jul,ZRH,16:40,9 Jul,Swiss,Direct,122.13,68
BCN,ZRH,2025-07-09,BCN,20:00,9 Jul,ZRH,21:45,9 Jul,Swiss,Direct,122.13,68
BCN,ZRH,2025-07-09,BCN,09:40,9 Jul,ZRH,11:30,9 Jul,Swiss,Direct,122.13,68
BCN,ZRH,2025-07-09,BCN,19:05,9 Jul,ZRH,20:55,9 Jul,Iberia,Direct,186.94,68
BCN,ZRH,2025-07-09,BCN,07:00,9 Jul,ZRH,08:55,9 Jul,Iberia,Direct,186.94,68
BCN,ZRH,2025-07-09,BCN,13:35,9 Jul,ZRH,19:00,9 Jul,Iberia,Direct,84.42,68
BCN,ZRH,2025-07-09,BCN,23:30,9 Jul,ZRH,08:55,10 Jul,Vueling,1 stop,65.26,68
BCN,ZRH,2025-07-09,BCN,22:40,9 Jul,ZRH,08:55,10 Jul,Vueling,1 stop,65.26,68
BCN,ZRH,2025-07-09,BCN,23:30,9 Jul,ZRH,10:40,10 Jul,Vueling,1 stop,63.50,68
BCN,ZRH,2025-07-09,BCN,22:40,9 Jul,ZRH,10:40,10 Jul,Vueling,1 stop,63.50,68
BCN,ZRH,2025-07-09,BCN,11:40,9 Jul,ZRH,18:15,9 Jul,ITA Airways,1 stop,105.51,68
BCN,ZRH,2025-07-09,BCN,21:30,9 Jul,ZRH,08:55,10 Jul,Vueling,1 stop,70.99,68
BCN,ZRH,2025-07-10,BCN,07:00,10 Jul,ZRH,08:55,10 Jul,Vueling,1 stop,36.33,69
BCN,ZRH,2025-07-10,BCN,19:30,10 Jul,ZRH,21:20,10 Jul,Vueling,Direct,73.14,69
BCN,ZRH,2025-07-10,BCN,06:00,10 Jul,ZRH,07:40,10 Jul,Swiss,Direct,122.13,69
BCN,ZRH,2025-07-10,BCN,14:55,10 Jul,ZRH,16:40,10 Jul,Swiss,Direct,122.13,69
BCN,ZRH,2025-07-10,BCN,20:00,10 Jul,ZRH,21:45,10 Jul,Swiss,Direct,122.13,69
BCN,ZRH,2025-07-10,BCN,09:40,10 Jul,ZRH,11:30,10 Jul,Swiss,Direct,122.13,69
BCN,ZRH,2025-07-10,BCN,07:00,10 Jul,ZRH,08:55,10 Jul,Iberia,Direct,171.14,69
BCN,ZRH,2025-07-10,BCN,19:30,10 Jul,ZRH,21:20,10 Jul,Iberia,Direct,202.91,69
BCN,ZRH,2025-07-10,BCN,13:35,10 Jul,ZRH,19:00,10 Jul,Iberia,Direct,84.42,69
BCN,ZRH,2025-07-10,BCN,12:25,10 Jul,ZRH,18:40,10 Jul,Vueling,1 stop,89.71,69
BCN,ZRH,2025-07-10,BCN,23:30,10 Jul,ZRH,09:15,11 Jul,Vueling,1 stop,74.74,69
BCN,ZRH,2025-07-10,BCN,11:40,10 Jul,ZRH,18:15,10 Jul,ITA Airways,1 stop,105.51,69
BCN,ZRH,2025-07-10,BCN,06:20,10 Jul,ZRH,11:05,10 Jul,KLM,1 stop,136.11,69
BCN,ZRH,2025-07-10,BCN,12:00,10 Jul,ZRH,16:10,10 Jul,Lufthansa,1 stop,150.70,69
BCN,ZRH,2025-07-10,BCN,11:45,10 Jul,ZRH,21:20,10 Jul,Vueling,1 stop,81.15,69
BCN,ZRH,2025-07-11,BCN,07:00,11 Jul,ZRH,08:55,11 Jul,Vueling,1 stop,67.58,70
BCN,ZRH,2025-07-11,BCN,18:45,11 Jul,ZRH,20:35,11 Jul,Vueling,Direct,78.82,70
BCN,ZRH,2025-07-11,BCN,06:00,11 Jul,ZRH,07:40,11 Jul,Swiss,Direct,150.52,70
BCN,ZRH,2025-07-11,BCN,14:55,11 Jul,ZRH,16:40,11 Jul,Swiss,Direct,150.52,70
BCN,ZRH,2025-07-11,BCN,20:00,11 Jul,ZRH,21:45,11 Jul,Swiss,Direct,150.52,70
BCN,ZRH,2025-07-11,BCN,09:40,11 Jul,ZRH,11:30,11 Jul,Swiss,Direct,150.52,70
BCN,ZRH,2025-07-11,BCN,18:35,11 Jul,ZRH,20:25,11 Jul,Swiss,Direct,150.52,70
BCN,ZRH,2025-07-11,BCN,07:00,11 Jul,ZRH,08:55,11 Jul,Iberia,Direct,186.94,70
BCN,ZRH,2025-07-11,BCN,18:45,11 Jul,ZRH,20:35,11 Jul,Iberia,Direct,202.91,70
BCN,ZRH,2025-07-11,BCN,08:45,11 Jul,ZRH,14:00,11 Jul,Iberia,Direct,84.42,70
BCN,ZRH,2025-07-11,BCN,15:15,11 Jul,ZRH,21:20,11 Jul,Vueling,1 stop,81.15,70
BCN,ZRH,2025-07-11,BCN,08:00,11 Jul,ZRH,14:00,11 Jul,Iberia,1 stop,84.42,70
BCN,ZRH,2025-07-11,BCN,09:15,11 Jul,ZRH,14:00,11 Jul,Iberia,1 stop,110.02,70
BCN,ZRH,2025-07-11,BCN,11:40,11 Jul,ZRH,18:15,11 Jul,ITA Airways,1 stop,105.51,70
BCN,ZRH,2025-07-11,BCN,22:25,11 Jul,ZRH,07:55,12 Jul,Vueling,1 stop,81.15,70
BCN,ZRH,2025-07-12,BCN,07:00,12 Jul,ZRH,08:55,12 Jul,Vueling,1 stop,78.82,71
BCN,ZRH,2025-07-12,BCN,13:00,12 Jul,ZRH,14:55,12 Jul,Vueling,Direct,133.78,71
BCN,ZRH,2025-07-12,BCN,06:00,12 Jul,ZRH,07:40,12 Jul,Swiss,Direct,150.52,71
BCN,ZRH,2025-07-12,BCN,09:40,12 Jul,ZRH,11:30,12 Jul,Swiss,Direct,150.52,71
BCN,ZRH,2025-07-12,BCN,14:55,12 Jul,ZRH,16:40,12 Jul,Swiss,Direct,180.17,71
BCN,ZRH,2025-07-12,BCN,07:00,12 Jul,ZRH,08:55,12 Jul,Iberia,Direct,202.91,71
BCN,ZRH,2025-07-12,BCN,20:00,12 Jul,ZRH,21:45,12 Jul,Swiss,Direct,217.40,71
BCN,ZRH,2025-07-12,BCN,13:35,12 Jul,ZRH,19:00,12 Jul,Iberia,Direct,84.42,71
BCN,ZRH,2025-07-12,BCN,15:50,12 Jul,ZRH,20:25,12 Jul,Vueling,1 stop,107.03,71
BCN,ZRH,2025-07-12,BCN,07:40,12 Jul,ZRH,11:40,12 Jul,Easyjet,1 stop,127.71,71
BCN,ZRH,2025-07-12,BCN,13:00,12 Jul,ZRH,14:55,12 Jul,Iberia,1 stop,251.13,71
BCN,ZRH,2025-07-12,BCN,15:50,12 Jul,ZRH,20:25,12 Jul,Vueling,Direct,152.28,71
BCN,ZRH,2025-07-12,BCN,07:40,12 Jul,ZRH,11:40,12 Jul,Easyjet,1 stop,172.95,71
BCN,ZRH,2025-07-12,BCN,21:40,12 Jul,ZRH,07:55,13 Jul,Wizz Air Malta,1 stop,86.51,71
BCN,ZRH,2025-07-12,BCN,12:55,12 Jul,ZRH,20:25,12 Jul,Wizz Air Malta,1 stop,116.97,71
BCN,ZRH,2025-07-13,BCN,19:30,13 Jul,ZRH,21:20,13 Jul,Vueling,1 stop,85.45,72
BCN,ZRH,2025-07-13,BCN,07:00,13 Jul,ZRH,08:55,13 Jul,Vueling,Direct,99.67,72
BCN,ZRH,2025-07-13,BCN,06:00,13 Jul,ZRH,07:40,13 Jul,Swiss,Direct,150.52,72
BCN,ZRH,2025-07-13,BCN,18:35,13 Jul,ZRH,20:25,13 Jul,Swiss,Direct,188.37,72
BCN,ZRH,2025-07-13,BCN,20:00,13 Jul,ZRH,21:45,13 Jul,Swiss,Direct,205.71,72
BCN,ZRH,2025-07-13,BCN,19:30,13 Jul,ZRH,21:20,13 Jul,Iberia,Direct,202.91,72
BCN,ZRH,2025-07-13,BCN,09:40,13 Jul,ZRH,11:30,13 Jul,Swiss,Direct,215.27,72
BCN,ZRH,2025-07-13,BCN,07:00,13 Jul,ZRH,08:55,13 Jul,Iberia,Direct,216.99,72
BCN,ZRH,2025-07-13,BCN,14:55,13 Jul,ZRH,16:40,13 Jul,Swiss,Direct,278.89,72
BCN,ZRH,2025-07-13,BCN,21:40,13 Jul,ZRH,09:15,14 Jul,Vueling,Direct,94.59,72
BCN,ZRH,2025-07-13,BCN,22:40,13 Jul,ZRH,09:15,14 Jul,Vueling,1 stop,103.14,72
BCN,ZRH,2025-07-13,BCN,22:30,13 Jul,ZRH,07:55,14 Jul,Vueling,1 stop,119.15,72
BCN,ZRH,2025-07-13,BCN,14:50,13 Jul,ZRH,22:20,13 Jul,Iberia,1 stop,144.52,72
BCN,ZRH,2025-07-13,BCN,22:45,13 Jul,ZRH,09:35,14 Jul,Vueling,1 stop,110.57,72
BCN,ZRH,2025-07-13,BCN,15:50,13 Jul,ZRH,20:25,13 Jul,Vueling,1 stop,212.24,72
BCN,ZRH,2025-07-15,BCN,18:30,15 Jul,ZRH,20:20,15 Jul,Vueling,1 stop,48.19,74
BCN,ZRH,2025-07-15,BCN,06:00,15 Jul,ZRH,07:40,15 Jul,Swiss,Direct,122.13,74
BCN,ZRH,2025-07-15,BCN,07:00,15 Jul,ZRH,08:55,15 Jul,Vueling,Direct,62.05,74
BCN,ZRH,2025-07-15,BCN,20:00,15 Jul,ZRH,21:45,15 Jul,Swiss,Direct,122.13,74
BCN,ZRH,2025-07-15,BCN,09:40,15 Jul,ZRH,11:30,15 Jul,Swiss,Direct,122.13,74
BCN,ZRH,2025-07-15,BCN,14:55,15 Jul,ZRH,16:40,15 Jul,Swiss,Direct,150.52,74
BCN,ZRH,2025-07-15,BCN,18:30,15 Jul,ZRH,20:20,15 Jul,Iberia,Direct,158.61,74
BCN,ZRH,2025-07-15,BCN,07:00,15 Jul,ZRH,08:55,15 Jul,Iberia,Direct,176.03,74
BCN,ZRH,2025-07-15,BCN,13:35,15 Jul,ZRH,19:00,15 Jul,Iberia,Direct,84.42,74
BCN,ZRH,2025-07-15,BCN,23:30,15 Jul,ZRH,09:20,16 Jul,Vueling,1 stop,61.49,74
BCN,ZRH,2025-07-15,BCN,21:20,15 Jul,ZRH,09:20,16 Jul,Vueling,1 stop,61.49,74
BCN,ZRH,2025-07-15,BCN,08:10,15 Jul,ZRH,15:00,15 Jul,Vueling,1 stop,95.48,74
BCN,ZRH,2025-07-15,BCN,20:50,15 Jul,ZRH,09:20,16 Jul,Vueling,1 stop,61.49,74
BCN,ZRH,2025-07-15,BCN,15:50,15 Jul,ZRH,20:25,15 Jul,Vueling,1 stop,134.31,74
BCN,ZRH,2025-07-15,BCN,06:20,15 Jul,ZRH,11:05,15 Jul,KLM,1 stop,136.11,74
BCN,ZRH,2025-07-16,BCN,19:05,16 Jul,ZRH,20:55,16 Jul,Vueling,1 stop,62.05,75
BCN,ZRH,2025-07-16,BCN,07:00,16 Jul,ZRH,08:55,16 Jul,Vueling,Direct,73.14,75
BCN,ZRH,2025-07-16,BCN,06:00,16 Jul,ZRH,07:40,16 Jul,Swiss,Direct,122.13,75
BCN,ZRH,2025-07-16,BCN,20:00,16 Jul,ZRH,21:45,16 Jul,Swiss,Direct,122.13,75
BCN,ZRH,2025-07-16,BCN,09:40,16 Jul,ZRH,11:30,16 Jul,Swiss,Direct,122.13,75
BCN,ZRH,2025-07-16,BCN,14:55,16 Jul,ZRH,16:40,16 Jul,Swiss,Direct,142.29,75
BCN,ZRH,2025-07-16,BCN,19:05,16 Jul,ZRH,20:55,16 Jul,Iberia,Direct,176.03,75
BCN,ZRH,2025-07-16,BCN,07:00,16 Jul,ZRH,08:55,16 Jul,Iberia,Direct,186.94,75
BCN,ZRH,2025-07-16,BCN,13:35,16 Jul,ZRH,19:00,16 Jul,Iberia,Direct,84.42,75
BCN,ZRH,2025-07-16,BCN,23:30,16 Jul,ZRH,08:55,17 Jul,Vueling,1 stop,66.34,75
BCN,ZRH,2025-07-16,BCN,22:40,16 Jul,ZRH,08:55,17 Jul,Vueling,1 stop,66.34,75
BCN,ZRH,2025-07-16,BCN,07:40,16 Jul,ZRH,11:40,16 Jul,Easyjet,1 stop,134.72,75
BCN,ZRH,2025-07-16,BCN,21:30,16 Jul,ZRH,08:55,17 Jul,Vueling,1 stop,66.34,75
BCN,ZRH,2025-07-16,BCN,06:20,16 Jul,ZRH,11:05,16 Jul,KLM,1 stop,136.11,75
BCN,ZRH,2025-07-16,BCN,21:55,16 Jul,ZRH,07:55,17 Jul,Vueling,1 stop,81.15,75
BCN,ZRH,2025-07-17,BCN,07:00,17 Jul,ZRH,08:55,17 Jul,Vueling,1 stop,32.06,76
BCN,ZRH,2025-07-17,BCN,19:30,17 Jul,ZRH,21:20,17 Jul,Vueling,Direct,62.05,76
BCN,ZRH,2025-07-17,BCN,06:00,17 Jul,ZRH,07:40,17 Jul,Swiss,Direct,122.13,76
BCN,ZRH,2025-07-17,BCN,09:40,17 Jul,ZRH,11:30,17 Jul,Swiss,Direct,122.13,76
BCN,ZRH,2025-07-17,BCN,14:55,17 Jul,ZRH,16:40,17 Jul,Swiss,Direct,150.52,76
BCN,ZRH,2025-07-17,BCN,20:00,17 Jul,ZRH,21:45,17 Jul,Swiss,Direct,150.52,76
BCN,ZRH,2025-07-17,BCN,19:30,17 Jul,ZRH,21:20,17 Jul,Iberia,Direct,176.03,76
BCN,ZRH,2025-07-17,BCN,07:00,17 Jul,ZRH,08:55,17 Jul,Iberia,Direct,176.03,76
BCN,ZRH,2025-07-17,BCN,13:35,17 Jul,ZRH,19:00,17 Jul,Iberia,Direct,84.42,76
BCN,ZRH,2025-07-17,BCN,23:30,17 Jul,ZRH,09:15,18 Jul,Vueling,1 stop,69.04,76
BCN,ZRH,2025-07-17,BCN,14:30,17 Jul,ZRH,20:25,17 Jul,Vueling,1 stop,110.26,76
BCN,ZRH,2025-07-17,BCN,15:50,17 Jul,ZRH,20:25,17 Jul,Vueling,1 stop,139.42,76
BCN,ZRH,2025-07-17,BCN,06:20,17 Jul,ZRH,11:05,17 Jul,KLM,1 stop,136.11,76
BCN,ZRH,2025-07-17,BCN,22:40,17 Jul,ZRH,09:15,18 Jul,Vueling,1 stop,74.74,76
BCN,ZRH,2025-07-17,BCN,12:00,17 Jul,ZRH,16:10,17 Jul,Lufthansa,1 stop,150.70,76
BCN,ZRH,2025-07-19,BCN,13:00,19 Jul,ZRH,14:55,19 Jul,Vueling,1 stop,92.08,78
BCN,ZRH,2025-07-19,BCN,07:00,19 Jul,ZRH,08:55,19 Jul,Vueling,Direct,107.24,78
BCN,ZRH,2025-07-19,BCN,06:00,19 Jul,ZRH,07:40,19 Jul,Swiss,Direct,150.52,78
BCN,ZRH,2025-07-19,BCN,09:40,19 Jul,ZRH,11:30,19 Jul,Swiss,Direct,150.52,78
BCN,ZRH,2025-07-19,BCN,20:00,19 Jul,ZRH,21:45,19 Jul,Swiss,Direct,172.05,78
BCN,ZRH,2025-07-19,BCN,14:55,19 Jul,ZRH,16:40,19 Jul,Swiss,Direct,208.34,78
BCN,ZRH,2025-07-19,BCN,13:00,19 Jul,ZRH,14:55,19 Jul,Iberia,Direct,216.99,78
BCN,ZRH,2025-07-19,BCN,07:00,19 Jul,ZRH,08:55,19 Jul,Iberia,Direct,223.96,78
BCN,ZRH,2025-07-19,BCN,11:40,19 Jul,ZRH,18:15,19 Jul,ITA Airways,Direct,119.28,78
BCN,ZRH,2025-07-19,BCN,07:40,19 Jul,ZRH,11:40,19 Jul,Easyjet,1 stop,182.86,78
BCN,ZRH,2025-07-19,BCN,21:40,19 Jul,ZRH,07:55,20 Jul,Wizz Air Malta,1 stop,91.87,78
BCN,ZRH,2025-07-19,BCN,10:55,19 Jul,ZRH,15:50,19 Jul,Vueling,1 stop,178.47,78
BCN,ZRH,2025-07-19,BCN,16:50,19 Jul,ZRH,21:20,19 Jul,ITA Airways,1 stop,198.75,78
BCN,ZRH,2025-07-19,BCN,07:40,19 Jul,ZRH,15:50,19 Jul,Easyjet,1 stop,127.71,78
BCN,ZRH,2025-07-19,BCN,17:20,19 Jul,ZRH,22:25,19 Jul,KLM,1 stop,183.76,78
BCN,ZRH,2025-07-20,BCN,07:00,20 Jul,ZRH,08:55,20 Jul,Vueling,1 stop,99.67,79
BCN,ZRH,2025-07-20,BCN,19:30,20 Jul,ZRH,21:20,20 Jul,Vueling,Direct,124.29,79
BCN,ZRH,2025-07-20,BCN,06:00,20 Jul,ZRH,07:40,20 Jul,Swiss,Direct,150.52,79
BCN,ZRH,2025-07-20,BCN,09:40,20 Jul,ZRH,11:30,20 Jul,Swiss,Direct,206.63,79
BCN,ZRH,2025-07-20,BCN,14:55,20 Jul,ZRH,16:40,20 Jul,Swiss,Direct,214.39,79
BCN,ZRH,2025-07-20,BCN,18:35,20 Jul,ZRH,20:25,20 Jul,Swiss,Direct,223.03,79
BCN,ZRH,2025-07-20,BCN,07:00,20 Jul,ZRH,08:55,20 Jul,Iberia,Direct,216.99,79
BCN,ZRH,2025-07-20,BCN,19:30,20 Jul,ZRH,21:20,20 Jul,Iberia,Direct,251.13,79
BCN,ZRH,2025-07-20,BCN,20:00,20 Jul,ZRH,21:45,20 Jul,Swiss,Direct,319.93,79
BCN,ZRH,2025-07-20,BCN,05:50,20 Jul,ZRH,11:40,20 Jul,Vueling,Direct,141.48,79
BCN,ZRH,2025-07-20,BCN,12:55,20 Jul,ZRH,20:25,20 Jul,Wizz Air Malta,1 stop,122.93,79
BCN,ZRH,2025-07-20,BCN,21:40,20 Jul,ZRH,09:15,21 Jul,Vueling,1 stop,91.91,79
BCN,ZRH,2025-07-20,BCN,21:40,20 Jul,ZRH,07:55,21 Jul,Wizz Air Malta,1 stop,102.56,79
BCN,ZRH,2025-07-20,BCN,14:50,20 Jul,ZRH,22:20,20 Jul,Iberia,1 stop,144.52,79
BCN,ZRH,2025-07-20,BCN,09:30,20 Jul,ZRH,16:45,20 Jul,KLM,1 stop,151.15,79
BCN,ZRH,2025-07-21,BCN,07:05,21 Jul,ZRH,09:00,21 Jul,Vueling,1 stop,85.45,80
BCN,ZRH,2025-07-21,BCN,06:00,21 Jul,ZRH,07:40,21 Jul,Swiss,Direct,144.29,80
BCN,ZRH,2025-07-21,BCN,12:55,21 Jul,ZRH,14:50,21 Jul,Vueling,Direct,156.50,80
BCN,ZRH,2025-07-21,BCN,20:00,21 Jul,ZRH,21:45,21 Jul,Swiss,Direct,173.04,80
BCN,ZRH,2025-07-21,BCN,09:40,21 Jul,ZRH,11:30,21 Jul,Swiss,Direct,181.35,80
BCN,ZRH,2025-07-21,BCN,14:55,21 Jul,ZRH,16:40,21 Jul,Swiss,Direct,216.86,80
BCN,ZRH,2025-07-21,BCN,07:05,21 Jul,ZRH,09:00,21 Jul,Iberia,Direct,202.91,80
BCN,ZRH,2025-07-21,BCN,16:55,21 Jul,ZRH,22:20,21 Jul,Iberia,Direct,84.42,80
BCN,ZRH,2025-07-21,BCN,15:05,21 Jul,ZRH,21:20,21 Jul,Wizz Air Malta,1 stop,91.87,80
BCN,ZRH,2025-07-21,BCN,13:35,21 Jul,ZRH,19:00,21 Jul,Iberia,1 stop,110.02,80
BCN,ZRH,2025-07-21,BCN,12:55,21 Jul,ZRH,14:50,21 Jul,Iberia,1 stop,273.10,80
BCN,ZRH,2025-07-21,BCN,21:30,21 Jul,ZRH,08:55,22 Jul,Vueling,Direct,68.50,80
BCN,ZRH,2025-07-21,BCN,22:40,21 Jul,ZRH,08:55,22 Jul,Vueling,1 stop,86.57,80
BCN,ZRH,2025-07-21,BCN,23:25,21 Jul,ZRH,06:55,22 Jul,Wizz Air Malta,1 stop,109.47,80
BCN,ZRH,2025-07-21,BCN,16:50,21 Jul,ZRH,21:20,21 Jul,ITA Airways,1 stop,163.76,80
BCN,ZRH,2025-07-22,BCN,07:00,22 Jul,ZRH,08:55,22 Jul,Vueling,1 stop,78.82,81
BCN,ZRH,2025-07-22,BCN,06:00,22 Jul,ZRH,07:40,22 Jul,Swiss,Direct,122.13,81
BCN,ZRH,2025-07-22,BCN,20:00,22 Jul,ZRH,21:45,22 Jul,Swiss,Direct,122.13,81
BCN,ZRH,2025-07-22,BCN,09:40,22 Jul,ZRH,11:30,22 Jul,Swiss,Direct,122.13,81
BCN,ZRH,2025-07-22,BCN,18:30,22 Jul,ZRH,20:20,22 Jul,Vueling,Direct,144.19,81
BCN,ZRH,2025-07-22,BCN,14:55,22 Jul,ZRH,16:40,22 Jul,Swiss,Direct,167.02,81
BCN,ZRH,2025-07-22,BCN,07:00,22 Jul,ZRH,08:55,22 Jul,Iberia,Direct,202.91,81
BCN,ZRH,2025-07-22,BCN,23:30,22 Jul,ZRH,09:20,23 Jul,Vueling,Direct,61.49,81
BCN,ZRH,2025-07-22,BCN,18:30,22 Jul,ZRH,20:20,22 Jul,Iberia,1 stop,273.10,81
BCN,ZRH,2025-07-22,BCN,13:35,22 Jul,ZRH,19:00,22 Jul,Iberia,Direct,110.02,81
BCN,ZRH,2025-07-22,BCN,21:20,22 Jul,ZRH,09:20,23 Jul,Vueling,1 stop,61.49,81
BCN,ZRH,2025-07-22,BCN,11:40,22 Jul,ZRH,18:15,22 Jul,ITA Airways,1 stop,105.59,81
BCN,ZRH,2025-07-22,BCN,12:00,22 Jul,ZRH,16:10,22 Jul,Lufthansa,1 stop,150.70,81
BCN,ZRH,2025-07-22,BCN,15:40,22 Jul,ZRH,20:05,22 Jul,Lufthansa,1 stop,150.70,81
BCN,ZRH,2025-07-22,BCN,16:50,22 Jul,ZRH,21:20,22 Jul,ITA Airways,1 stop,151.04,81
BCN,ZRH,2025-07-23,BCN,07:00,23 Jul,ZRH,08:55,23 Jul,Vueling,1 stop,62.05,82
BCN,ZRH,2025-07-23,BCN,19:05,23 Jul,ZRH,20:55,23 Jul,Vueling,Direct,78.82,82
BCN,ZRH,2025-07-23,BCN,06:00,23 Jul,ZRH,07:40,23 Jul,Swiss,Direct,122.13,82
BCN,ZRH,2025-07-23,BCN,20:00,23 Jul,ZRH,21:45,23 Jul,Swiss,Direct,122.13,82
BCN,ZRH,2025-07-23,BCN,09:40,23 Jul,ZRH,11:30,23 Jul,Swiss,Direct,122.13,82
BCN,ZRH,2025-07-23,BCN,14:55,23 Jul,ZRH,16:40,23 Jul,Swiss,Direct,150.52,82
BCN,ZRH,2025-07-23,BCN,07:00,23 Jul,ZRH,08:55,23 Jul,Iberia,Direct,186.94,82
BCN,ZRH,2025-07-23,BCN,19:05,23 Jul,ZRH,20:55,23 Jul,Iberia,Direct,202.91,82
BCN,ZRH,2025-07-23,BCN,13:35,23 Jul,ZRH,19:00,23 Jul,Iberia,Direct,84.42,82
BCN,ZRH,2025-07-23,BCN,23:30,23 Jul,ZRH,08:55,24 Jul,Vueling,1 stop,66.34,82
BCN,ZRH,2025-07-23,BCN,22:40,23 Jul,ZRH,08:55,24 Jul,Vueling,1 stop,66.34,82
BCN,ZRH,2025-07-23,BCN,21:30,23 Jul,ZRH,08:55,24 Jul,Vueling,1 stop,66.34,82
BCN,ZRH,2025-07-23,BCN,20:50,23 Jul,ZRH,08:55,24 Jul,Vueling,1 stop,66.34,82
BCN,ZRH,2025-07-23,BCN,12:00,23 Jul,ZRH,16:10,23 Jul,Lufthansa,1 stop,150.70,82
BCN,ZRH,2025-07-23,BCN,07:50,23 Jul,ZRH,12:15,23 Jul,Lufthansa,1 stop,150.70,82
BCN,ZRH,2025-07-24,BCN,07:00,24 Jul,ZRH,08:55,24 Jul,Vueling,1 stop,48.19,83
BCN,ZRH,2025-07-24,BCN,06:00,24 Jul,ZRH,07:40,24 Jul,Swiss,Direct,122.13,83
BCN,ZRH,2025-07-24,BCN,19:30,24 Jul,ZRH,21:20,24 Jul,Vueling,Direct,85.46,83
BCN,ZRH,2025-07-24,BCN,09:40,24 Jul,ZRH,11:30,24 Jul,Swiss,Direct,122.13,83
BCN,ZRH,2025-07-24,BCN,14:55,24 Jul,ZRH,16:40,24 Jul,Swiss,Direct,150.52,83
BCN,ZRH,2025-07-24,BCN,07:00,24 Jul,ZRH,08:55,24 Jul,Iberia,Direct,166.17,83
BCN,ZRH,2025-07-24,BCN,20:00,24 Jul,ZRH,21:45,24 Jul,Swiss,Direct,204.44,83
BCN,ZRH,2025-07-24,BCN,19:30,24 Jul,ZRH,21:20,24 Jul,Iberia,Direct,216.99,83
BCN,ZRH,2025-07-24,BCN,12:00,24 Jul,ZRH,16:10,24 Jul,Lufthansa,Direct,150.70,83
BCN,ZRH,2025-07-24,BCN,07:50,24 Jul,ZRH,12:15,24 Jul,Lufthansa,1 stop,150.70,83
BCN,ZRH,2025-07-24,BCN,10:00,24 Jul,ZRH,14:20,24 Jul,Austrian Airlines,1 stop,155.62,83
BCN,ZRH,2025-07-24,BCN,06:20,24 Jul,ZRH,11:05,24 Jul,KLM,1 stop,151.15,83
BCN,ZRH,2025-07-24,BCN,12:15,24 Jul,ZRH,21:20,24 Jul,Vueling,1 stop,94.53,83
BCN,ZRH,2025-07-24,BCN,16:50,24 Jul,ZRH,21:20,24 Jul,ITA Airways,1 stop,163.76,83
BCN,ZRH,2025-07-24,BCN,23:30,24 Jul,ZRH,09:15,25 Jul,Vueling,1 stop,95.06,83
BCN,ZRH,2025-07-25,BCN,07:00,25 Jul,ZRH,08:55,25 Jul,Vueling,1 stop,92.08,84
BCN,ZRH,2025-07-25,BCN,21:40,25 Jul,ZRH,07:55,26 Jul,Wizz Air Malta,Direct,86.51,84
BCN,ZRH,2025-07-25,BCN,06:00,25 Jul,ZRH,07:40,25 Jul,Swiss,1 stop,150.52,84
BCN,ZRH,2025-07-25,BCN,18:45,25 Jul,ZRH,20:35,25 Jul,Vueling,Direct,107.24,84
BCN,ZRH,2025-07-25,BCN,20:00,25 Jul,ZRH,21:45,25 Jul,Swiss,Direct,150.52,84
BCN,ZRH,2025-07-25,BCN,09:40,25 Jul,ZRH,11:30,25 Jul,Swiss,Direct,173.00,84
BCN,ZRH,2025-07-25,BCN,18:35,25 Jul,ZRH,20:25,25 Jul,Swiss,Direct,185.57,84
BCN,ZRH,2025-07-25,BCN,14:55,25 Jul,ZRH,16:40,25 Jul,Swiss,Direct,216.99,84
BCN,ZRH,2025-07-25,BCN,07:00,25 Jul,ZRH,08:55,25 Jul,Iberia,Direct,216.99,84
BCN,ZRH,2025-07-25,BCN,18:45,25 Jul,ZRH,20:35,25 Jul,Iberia,Direct,251.13,84
BCN,ZRH,2025-07-25,BCN,23:25,25 Jul,ZRH,06:55,26 Jul,Wizz Air Malta,Direct,104.66,84
BCN,ZRH,2025-07-25,BCN,15:15,25 Jul,ZRH,21:20,25 Jul,Vueling,1 stop,136.27,84
BCN,ZRH,2025-07-25,BCN,07:50,25 Jul,ZRH,12:15,25 Jul,Lufthansa,1 stop,182.87,84
BCN,ZRH,2025-07-25,BCN,10:00,25 Jul,ZRH,21:20,25 Jul,Wizz Air Malta,1 stop,94.00,84
BCN,ZRH,2025-07-25,BCN,16:50,25 Jul,ZRH,21:20,25 Jul,ITA Airways,1 stop,198.75,84
BCN,ZRH,2025-07-26,BCN,07:00,26 Jul,ZRH,08:55,26 Jul,Vueling,1 stop,73.14,85
BCN,ZRH,2025-07-26,BCN,06:00,26 Jul,ZRH,07:40,26 Jul,Swiss,Direct,150.52,85
BCN,ZRH,2025-07-26,BCN,13:00,26 Jul,ZRH,14:55,26 Jul,Vueling,Direct,99.67,85
BCN,ZRH,2025-07-26,BCN,09:40,26 Jul,ZRH,11:30,26 Jul,Swiss,Direct,188.37,85
BCN,ZRH,2025-07-26,BCN,07:00,26 Jul,ZRH,08:55,26 Jul,Iberia,Direct,202.91,85
BCN,ZRH,2025-07-26,BCN,20:00,26 Jul,ZRH,21:45,26 Jul,Swiss,Direct,218.24,85
BCN,ZRH,2025-07-26,BCN,13:00,26 Jul,ZRH,14:55,26 Jul,Iberia,Direct,223.96,85
BCN,ZRH,2025-07-26,BCN,07:40,26 Jul,ZRH,11:40,26 Jul,Easyjet,Direct,132.79,85
BCN,ZRH,2025-07-26,BCN,14:55,26 Jul,ZRH,16:40,26 Jul,Swiss,1 stop,276.92,85
BCN,ZRH,2025-07-26,BCN,07:40,26 Jul,ZRH,11:40,26 Jul,Easyjet,Direct,177.03,85
BCN,ZRH,2025-07-26,BCN,07:50,26 Jul,ZRH,12:15,26 Jul,Lufthansa,1 stop,212.84,85
BCN,ZRH,2025-07-26,BCN,21:40,26 Jul,ZRH,07:55,27 Jul,Wizz Air Malta,1 stop,113.27,85
BCN,ZRH,2025-07-26,BCN,10:00,26 Jul,ZRH,21:20,26 Jul,Wizz Air Malta,1 stop,113.27,85
BCN,ZRH,2025-07-26,BCN,12:00,26 Jul,ZRH,16:10,26 Jul,Lufthansa,1 stop,249.54,85
BCN,ZRH,2025-07-26,BCN,10:55,26 Jul,ZRH,15:50,26 Jul,Vueling,1 stop,227.57,85
BCN,ZRH,2025-07-27,BCN,07:00,27 Jul,ZRH,08:55,27 Jul,Vueling,1 stop,99.67,86
BCN,ZRH,2025-07-27,BCN,06:00,27 Jul,ZRH,07:40,27 Jul,Swiss,Direct,150.52,86
BCN,ZRH,2025-07-27,BCN,19:30,27 Jul,ZRH,21:20,27 Jul,Vueling,Direct,186.82,86
BCN,ZRH,2025-07-27,BCN,09:40,27 Jul,ZRH,11:30,27 Jul,Swiss,Direct,211.80,86
BCN,ZRH,2025-07-27,BCN,07:00,27 Jul,ZRH,08:55,27 Jul,Iberia,Direct,216.99,86
BCN,ZRH,2025-07-27,BCN,14:55,27 Jul,ZRH,16:40,27 Jul,Swiss,Direct,285.82,86
BCN,ZRH,2025-07-27,BCN,20:00,27 Jul,ZRH,21:45,27 Jul,Swiss,Direct,290.80,86
BCN,ZRH,2025-07-27,BCN,18:35,27 Jul,ZRH,20:25,27 Jul,Swiss,Direct,295.73,86
BCN,ZRH,2025-07-27,BCN,19:30,27 Jul,ZRH,21:20,27 Jul,Iberia,Direct,304.87,86
BCN,ZRH,2025-07-27,BCN,21:40,27 Jul,ZRH,07:55,28 Jul,Wizz Air Malta,Direct,130.39,86
BCN,ZRH,2025-07-27,BCN,22:40,27 Jul,ZRH,09:15,28 Jul,Vueling,1 stop,130.95,86
BCN,ZRH,2025-07-27,BCN,15:40,27 Jul,ZRH,20:05,27 Jul,Lufthansa,1 stop,264.42,86
BCN,ZRH,2025-07-27,BCN,07:50,27 Jul,ZRH,12:15,27 Jul,Lufthansa,1 stop,268.98,86
BCN,ZRH,2025-07-27,BCN,13:50,27 Jul,ZRH,19:15,27 Jul,Lufthansa,1 stop,232.05,86
BCN,ZRH,2025-07-27,BCN,12:50,27 Jul,ZRH,17:25,27 Jul,Lufthansa,1 stop,264.75,86
BCN,ZRH,2025-07-28,BCN,12:55,28 Jul,ZRH,14:50,28 Jul,Vueling,Direct,115.77,87
BCN,ZRH,2025-07-28,BCN,23:30,28 Jul,ZRH,08:55,29 Jul,Vueling,1 stop,73.67,87
BCN,ZRH,2025-07-28,BCN,07:05,28 Jul,ZRH,09:00,28 Jul,Vueling,1 stop,115.77,87
BCN,ZRH,2025-07-28,BCN,06:00,28 Jul,ZRH,07:40,28 Jul,Swiss,Direct,142.53,87
BCN,ZRH,2025-07-28,BCN,14:55,28 Jul,ZRH,16:40,28 Jul,Swiss,Direct,183.54,87
BCN,ZRH,2025-07-28,BCN,09:40,28 Jul,ZRH,11:30,28 Jul,Swiss,Direct,179.14,87
BCN,ZRH,2025-07-28,BCN,20:00,28 Jul,ZRH,21:45,28 Jul,Swiss,Direct,186.17,87
BCN,ZRH,2025-07-28,BCN,07:05,28 Jul,ZRH,09:00,28 Jul,Iberia,Direct,251.13,87
BCN,ZRH,2025-07-28,BCN,12:55,28 Jul,ZRH,14:50,28 Jul,Iberia,Direct,251.13,87
BCN,ZRH,2025-07-28,BCN,15:05,28 Jul,ZRH,21:20,28 Jul,Wizz Air Malta,Direct,102.56,87
BCN,ZRH,2025-07-28,BCN,15:40,28 Jul,ZRH,20:05,28 Jul,Lufthansa,1 stop,182.87,87
BCN,ZRH,2025-07-28,BCN,23:25,28 Jul,ZRH,06:55,29 Jul,Wizz Air Malta,1 stop,125.38,87
BCN,ZRH,2025-07-28,BCN,22:40,28 Jul,ZRH,08:55,29 Jul,Vueling,1 stop,99.94,87
BCN,ZRH,2025-07-28,BCN,15:50,28 Jul,ZRH,20:25,28 Jul,Vueling,1 stop,185.83,87
BCN,ZRH,2025-07-28,BCN,22:00,28 Jul,ZRH,08:55,29 Jul,Air Europa,1 stop,98.31,87
BCN,ZRH,2025-07-29,BCN,07:00,29 Jul,ZRH,08:55,29 Jul,Vueling,1 stop,85.03,88
BCN,ZRH,2025-07-29,BCN,23:30,29 Jul,ZRH,09:20,30 Jul,Vueling,Direct,84.89,88
BCN,ZRH,2025-07-29,BCN,06:00,29 Jul,ZRH,07:40,29 Jul,Swiss,1 stop,144.96,88
BCN,ZRH,2025-07-29,BCN,18:30,29 Jul,ZRH,20:20,29 Jul,Vueling,Direct,136.29,88
BCN,ZRH,2025-07-29,BCN,09:40,29 Jul,ZRH,11:30,29 Jul,Swiss,Direct,144.96,88
BCN,ZRH,2025-07-29,BCN,20:00,29 Jul,ZRH,21:45,29 Jul,Swiss,Direct,171.11,88
BCN,ZRH,2025-07-29,BCN,14:55,29 Jul,ZRH,16:40,29 Jul,Swiss,Direct,179.05,88
BCN,ZRH,2025-07-29,BCN,07:00,29 Jul,ZRH,08:55,29 Jul,Iberia,Direct,230.54,88
BCN,ZRH,2025-07-29,BCN,18:30,29 Jul,ZRH,20:20,29 Jul,Iberia,Direct,307.75,88
BCN,ZRH,2025-07-29,BCN,12:00,29 Jul,ZRH,16:10,29 Jul,Lufthansa,Direct,179.56,88
BCN,ZRH,2025-07-29,BCN,15:40,29 Jul,ZRH,20:05,29 Jul,Lufthansa,1 stop,179.56,88
BCN,ZRH,2025-07-29,BCN,21:20,29 Jul,ZRH,09:20,30 Jul,Vueling,1 stop,93.32,88
BCN,ZRH,2025-07-29,BCN,11:40,29 Jul,ZRH,18:15,29 Jul,ITA Airways,1 stop,147.85,88
BCN,ZRH,2025-07-29,BCN,15:10,29 Jul,ZRH,19:20,29 Jul,Brussels Airlines,1 stop,223.41,88
BCN,ZRH,2025-07-29,BCN,16:50,29 Jul,ZRH,21:20,29 Jul,ITA Airways,1 stop,216.64,88
BCN,ZRH,2025-07-30,BCN,07:00,30 Jul,ZRH,08:55,30 Jul,Vueling,1 stop,73.14,89
BCN,ZRH,2025-07-30,BCN,06:00,30 Jul,ZRH,07:40,30 Jul,Swiss,Direct,122.13,89
BCN,ZRH,2025-07-30,BCN,09:40,30 Jul,ZRH,11:30,30 Jul,Swiss,Direct,150.52,89
BCN,ZRH,2025-07-30,BCN,19:05,30 Jul,ZRH,20:55,30 Jul,Vueling,Direct,170.71,89
BCN,ZRH,2025-07-30,BCN,14:55,30 Jul,ZRH,16:40,30 Jul,Swiss,Direct,188.37,89
BCN,ZRH,2025-07-30,BCN,20:00,30 Jul,ZRH,21:45,30 Jul,Swiss,Direct,209.74,89
BCN,ZRH,2025-07-30,BCN,07:00,30 Jul,ZRH,08:55,30 Jul,Iberia,Direct,202.91,89
BCN,ZRH,2025-07-30,BCN,19:05,30 Jul,ZRH,20:55,30 Jul,Iberia,Direct,304.87,89
BCN,ZRH,2025-07-30,BCN,15:45,30 Jul,ZRH,20:25,30 Jul,Vueling,Direct,148.17,89
BCN,ZRH,2025-07-30,BCN,12:55,30 Jul,ZRH,20:25,30 Jul,Wizz Air Malta,1 stop,104.66,89
BCN,ZRH,2025-07-30,BCN,12:00,30 Jul,ZRH,16:10,30 Jul,Lufthansa,1 stop,164.09,89
BCN,ZRH,2025-07-30,BCN,23:25,30 Jul,ZRH,06:55,31 Jul,Wizz Air Malta,1 stop,105.96,89
BCN,ZRH,2025-07-30,BCN,12:50,30 Jul,ZRH,20:25,30 Jul,Vueling,1 stop,107.34,89
BCN,ZRH,2025-07-30,BCN,21:40,30 Jul,ZRH,07:55,31 Jul,Wizz Air Malta,1 stop,91.87,89
BCN,ZRH,2025-07-30,BCN,15:40,30 Jul,ZRH,20:05,30 Jul,Lufthansa,1 stop,172.82,89
BCN,ZRH,2025-07-31,BCN,06:00,31 Jul,ZRH,07:40,31 Jul,Swiss,1 stop,150.52,90
BCN,ZRH,2025-07-31,BCN,07:00,31 Jul,ZRH,08:55,31 Jul,Vueling,Direct,170.71,90
BCN,ZRH,2025-07-31,BCN,09:40,31 Jul,ZRH,11:30,31 Jul,Swiss,Direct,188.37,90
BCN,ZRH,2025-07-31,BCN,14:55,31 Jul,ZRH,16:40,31 Jul,Swiss,Direct,224.34,90
BCN,ZRH,2025-07-31,BCN,20:00,31 Jul,ZRH,21:45,31 Jul,Swiss,Direct,224.34,90
BCN,ZRH,2025-07-31,BCN,19:30,31 Jul,ZRH,21:20,31 Jul,Vueling,Direct,260.72,90
BCN,ZRH,2025-07-31,BCN,07:00,31 Jul,ZRH,08:55,31 Jul,Iberia,Direct,304.87,90
BCN,ZRH,2025-07-31,BCN,19:30,31 Jul,ZRH,21:20,31 Jul,Iberia,Direct,385.02,90
BCN,ZRH,2025-07-31,BCN,15:40,31 Jul,ZRH,20:05,31 Jul,Lufthansa,Direct,182.87,90
BCN,ZRH,2025-07-31,BCN,10:00,31 Jul,ZRH,14:20,31 Jul,Austrian Airlines,1 stop,187.79,90
BCN,ZRH,2025-07-31,BCN,06:20,31 Jul,ZRH,11:05,31 Jul,KLM,1 stop,183.76,90
BCN,ZRH,2025-07-31,BCN,12:00,31 Jul,ZRH,16:10,31 Jul,Lufthansa,1 stop,204.14,90
BCN,ZRH,2025-07-31,BCN,21:40,31 Jul,ZRH,07:55,1 Aug,Wizz Air Malta,1 stop,113.27,90
BCN,ZRH,2025-07-31,BCN,17:20,31 Jul,ZRH,21:50,31 Jul,Lufthansa,1 stop,215.64,90
BCN,ZRH,2025-07-31,BCN,13:50,31 Jul,ZRH,19:15,31 Jul,Lufthansa,1 stop,190.37,90
BCN,ZRH,2025-08-01,BCN,07:00,1 Aug,ZRH,08:55,1 Aug,Vueling,1 stop,186.82,91
BCN,ZRH,2025-08-01,BCN,06:00,1 Aug,ZRH,07:40,1 Aug,Swiss,Direct,212.97,91
BCN,ZRH,2025-08-01,BCN,18:45,1 Aug,ZRH,20:35,1 Aug,Vueling,Direct,260.72,91
BCN,ZRH,2025-08-01,BCN,14:55,1 Aug,ZRH,16:40,1 Aug,Swiss,Direct,300.70,91
BCN,ZRH,2025-08-01,BCN,09:40,1 Aug,ZRH,11:30,1 Aug,Swiss,Direct,301.67,91
BCN,ZRH,2025-08-01,BCN,18:35,1 Aug,ZRH,20:25,1 Aug,Swiss,Direct,301.67,91
BCN,ZRH,2025-08-01,BCN,20:00,1 Aug,ZRH,21:45,1 Aug,Swiss,Direct,319.93,91
BCN,ZRH,2025-08-01,BCN,07:00,1 Aug,ZRH,08:55,1 Aug,Iberia,Direct,304.87,91
BCN,ZRH,2025-08-01,BCN,18:45,1 Aug,ZRH,20:35,1 Aug,Iberia,Direct,385.02,91
BCN,ZRH,2025-08-01,BCN,15:15,1 Aug,ZRH,21:20,1 Aug,Vueling,Direct,145.88,91
BCN,ZRH,2025-08-01,BCN,16:50,1 Aug,ZRH,21:20,1 Aug,ITA Airways,1 stop,190.26,91
BCN,ZRH,2025-08-01,BCN,15:10,1 Aug,ZRH,19:20,1 Aug,Brussels Airlines,1 stop,215.59,91
BCN,ZRH,2025-08-01,BCN,21:40,1 Aug,ZRH,07:55,2 Aug,Wizz Air Malta,1 stop,113.27,91
BCN,ZRH,2025-08-01,BCN,10:00,1 Aug,ZRH,21:20,1 Aug,Wizz Air Malta,1 stop,118.60,91
BCN,ZRH,2025-08-01,BCN,17:00,1 Aug,ZRH,21:00,1 Aug,Easyjet,1 stop,262.02,91
BCN,ZRH,2025-08-03,BCN,07:00,3 Aug,ZRH,08:55,3 Aug,Vueling,1 stop,170.71,93
BCN,ZRH,2025-08-03,BCN,19:30,3 Aug,ZRH,21:20,3 Aug,Vueling,Direct,186.82,93
BCN,ZRH,2025-08-03,BCN,06:00,3 Aug,ZRH,07:40,3 Aug,Swiss,Direct,266.62,93
BCN,ZRH,2025-08-03,BCN,19:30,3 Aug,ZRH,21:20,3 Aug,Iberia,Direct,304.87,93
BCN,ZRH,2025-08-03,BCN,07:00,3 Aug,ZRH,08:55,3 Aug,Iberia,Direct,304.87,93
BCN,ZRH,2025-08-03,BCN,09:40,3 Aug,ZRH,11:30,3 Aug,Swiss,Direct,372.86,93
BCN,ZRH,2025-08-03,BCN,14:55,3 Aug,ZRH,16:40,3 Aug,Swiss,Direct,522.00,93
BCN,ZRH,2025-08-03,BCN,20:00,3 Aug,ZRH,21:45,3 Aug,Swiss,Direct,522.00,93
BCN,ZRH,2025-08-03,BCN,18:35,3 Aug,ZRH,20:25,3 Aug,Swiss,Direct,515.22,93
BCN,ZRH,2025-08-03,BCN,21:40,3 Aug,ZRH,07:55,4 Aug,Wizz Air Malta,Direct,131.45,93
BCN,ZRH,2025-08-03,BCN,22:30,3 Aug,ZRH,07:55,4 Aug,Vueling,1 stop,143.75,93
BCN,ZRH,2025-08-03,BCN,14:35,3 Aug,ZRH,21:20,3 Aug,Vueling,1 stop,214.90,93
BCN,ZRH,2025-08-03,BCN,22:40,3 Aug,ZRH,09:15,4 Aug,Vueling,1 stop,158.79,93
BCN,ZRH,2025-08-03,BCN,21:40,3 Aug,ZRH,09:15,4 Aug,Vueling,1 stop,154.51,93
BCN,ZRH,2025-08-03,BCN,16:25,3 Aug,ZRH,21:50,3 Aug,Lufthansa,1 stop,276.54,93
BCN,ZRH,2025-08-04,BCN,12:55,4 Aug,ZRH,14:50,4 Aug,Vueling,1 stop,115.77,94
BCN,ZRH,2025-08-04,BCN,23:30,4 Aug,ZRH,08:55,5 Aug,Vueling,Direct,88.70,94
BCN,ZRH,2025-08-04,BCN,06:00,4 Aug,ZRH,07:40,4 Aug,Swiss,1 stop,188.37,94
BCN,ZRH,2025-08-04,BCN,07:05,4 Aug,ZRH,09:00,4 Aug,Vueling,Direct,156.50,94
BCN,ZRH,2025-08-04,BCN,20:00,4 Aug,ZRH,21:45,4 Aug,Swiss,Direct,220.49,94
BCN,ZRH,2025-08-04,BCN,14:55,4 Aug,ZRH,16:40,4 Aug,Swiss,Direct,222.04,94
BCN,ZRH,2025-08-04,BCN,09:40,4 Aug,ZRH,11:30,4 Aug,Swiss,Direct,220.49,94
BCN,ZRH,2025-08-04,BCN,12:55,4 Aug,ZRH,14:50,4 Aug,Iberia,Direct,251.13,94
BCN,ZRH,2025-08-04,BCN,07:05,4 Aug,ZRH,09:00,4 Aug,Iberia,Direct,273.10,94
BCN,ZRH,2025-08-04,BCN,15:05,4 Aug,ZRH,21:20,4 Aug,Wizz Air Malta,Direct,111.66,94
BCN,ZRH,2025-08-04,BCN,22:40,4 Aug,ZRH,08:55,5 Aug,Vueling,1 stop,92.97,94
BCN,ZRH,2025-08-04,BCN,17:15,4 Aug,ZRH,21:50,4 Aug,Lufthansa,1 stop,190.40,94
BCN,ZRH,2025-08-04,BCN,14:40,4 Aug,ZRH,21:20,4 Aug,Vueling,1 stop,149.63,94
BCN,ZRH,2025-08-04,BCN,15:10,4 Aug,ZRH,19:20,4 Aug,Brussels Airlines,1 stop,215.59,94
BCN,ZRH,2025-08-04,BCN,21:30,4 Aug,ZRH,08:55,5 Aug,Vueling,1 stop,105.82,94
BCN,ZRH,2025-08-05,BCN,07:00,5 Aug,ZRH,08:55,5 Aug,Vueling,1 stop,92.08,95
BCN,ZRH,2025-08-05,BCN,18:30,5 Aug,ZRH,20:20,5 Aug,Vueling,Direct,124.29,95
BCN,ZRH,2025-08-05,BCN,06:00,5 Aug,ZRH,07:40,5 Aug,Swiss,Direct,147.06,95
BCN,ZRH,2025-08-05,BCN,09:40,5 Aug,ZRH,11:30,5 Aug,Swiss,Direct,177.72,95
BCN,ZRH,2025-08-05,BCN,14:55,5 Aug,ZRH,16:40,5 Aug,Swiss,Direct,188.37,95
BCN,ZRH,2025-08-05,BCN,20:00,5 Aug,ZRH,21:45,5 Aug,Swiss,Direct,188.37,95
BCN,ZRH,2025-08-05,BCN,07:00,5 Aug,ZRH,08:55,5 Aug,Iberia,Direct,216.99,95
BCN,ZRH,2025-08-05,BCN,18:30,5 Aug,ZRH,20:20,5 Aug,Iberia,Direct,251.13,95
BCN,ZRH,2025-08-05,BCN,12:50,5 Aug,ZRH,17:25,5 Aug,Lufthansa,Direct,158.21,95
BCN,ZRH,2025-08-05,BCN,21:20,5 Aug,ZRH,09:20,6 Aug,Vueling,1 stop,80.09,95
BCN,ZRH,2025-08-05,BCN,15:50,5 Aug,ZRH,20:25,5 Aug,Vueling,1 stop,172.55,95
BCN,ZRH,2025-08-05,BCN,23:30,5 Aug,ZRH,09:20,6 Aug,Vueling,1 stop,97.78,95
BCN,ZRH,2025-08-05,BCN,15:10,5 Aug,ZRH,19:20,5 Aug,Brussels Airlines,1 stop,187.16,95
BCN,ZRH,2025-08-05,BCN,13:50,5 Aug,ZRH,19:15,5 Aug,Lufthansa,1 stop,158.21,95
BCN,ZRH,2025-08-05,BCN,10:20,5 Aug,ZRH,15:45,5 Aug,Lufthansa,1 stop,158.23,95
BCN,ZRH,2025-08-06,BCN,19:05,6 Aug,ZRH,20:55,6 Aug,Vueling,1 stop,92.08,96
BCN,ZRH,2025-08-06,BCN,06:00,6 Aug,ZRH,07:40,6 Aug,Swiss,Direct,143.88,96
BCN,ZRH,2025-08-06,BCN,07:00,6 Aug,ZRH,08:55,6 Aug,Vueling,Direct,133.78,96
BCN,ZRH,2025-08-06,BCN,20:00,6 Aug,ZRH,21:45,6 Aug,Swiss,Direct,171.74,96
BCN,ZRH,2025-08-06,BCN,09:40,6 Aug,ZRH,11:30,6 Aug,Swiss,Direct,188.37,96
BCN,ZRH,2025-08-06,BCN,14:55,6 Aug,ZRH,16:40,6 Aug,Swiss,Direct,204.41,96
BCN,ZRH,2025-08-06,BCN,19:05,6 Aug,ZRH,20:55,6 Aug,Iberia,Direct,216.99,96
BCN,ZRH,2025-08-06,BCN,07:00,6 Aug,ZRH,08:55,6 Aug,Iberia,Direct,251.13,96
BCN,ZRH,2025-08-06,BCN,17:15,6 Aug,ZRH,21:50,6 Aug,Lufthansa,Direct,158.23,96
BCN,ZRH,2025-08-06,BCN,15:40,6 Aug,ZRH,20:05,6 Aug,Lufthansa,1 stop,171.07,96
BCN,ZRH,2025-08-06,BCN,12:00,6 Aug,ZRH,16:10,6 Aug,Lufthansa,1 stop,182.87,96
BCN,ZRH,2025-08-06,BCN,15:10,6 Aug,ZRH,19:20,6 Aug,Brussels Airlines,1 stop,184.05,96
BCN,ZRH,2025-08-06,BCN,23:30,6 Aug,ZRH,08:55,7 Aug,Vueling,1 stop,102.07,96
BCN,ZRH,2025-08-06,BCN,13:50,6 Aug,ZRH,19:15,6 Aug,Lufthansa,1 stop,158.21,96
BCN,ZRH,2025-08-06,BCN,10:20,6 Aug,ZRH,15:45,6 Aug,Lufthansa,1 stop,158.23,96
BCN,ZRH,2025-08-07,BCN,06:00,7 Aug,ZRH,07:40,7 Aug,Swiss,Direct,122.13,97
BCN,ZRH,2025-08-07,BCN,07:00,7 Aug,ZRH,08:55,7 Aug,Vueling,1 stop,115.77,97
BCN,ZRH,2025-08-07,BCN,19:30,7 Aug,ZRH,21:20,7 Aug,Vueling,Direct,124.29,97
BCN,ZRH,2025-08-07,BCN,09:40,7 Aug,ZRH,11:30,7 Aug,Swiss,Direct,164.16,97
BCN,ZRH,2025-08-07,BCN,20:00,7 Aug,ZRH,21:45,7 Aug,Swiss,Direct,188.37,97
BCN,ZRH,2025-08-07,BCN,14:55,7 Aug,ZRH,16:40,7 Aug,Swiss,Direct,216.84,97
BCN,ZRH,2025-08-07,BCN,19:30,7 Aug,ZRH,21:20,7 Aug,Iberia,Direct,251.13,97
BCN,ZRH,2025-08-07,BCN,07:00,7 Aug,ZRH,08:55,7 Aug,Iberia,Direct,251.13,97
BCN,ZRH,2025-08-07,BCN,12:00,7 Aug,ZRH,16:10,7 Aug,Lufthansa,Direct,182.87,97
BCN,ZRH,2025-08-07,BCN,10:00,7 Aug,ZRH,14:20,7 Aug,Austrian Airlines,1 stop,187.79,97
BCN,ZRH,2025-08-07,BCN,12:50,7 Aug,ZRH,17:25,7 Aug,Lufthansa,1 stop,185.10,97
BCN,ZRH,2025-08-07,BCN,17:20,7 Aug,ZRH,21:50,7 Aug,Lufthansa,1 stop,190.40,97
BCN,ZRH,2025-08-07,BCN,21:40,7 Aug,ZRH,07:55,8 Aug,Wizz Air Malta,1 stop,103.63,97
BCN,ZRH,2025-08-07,BCN,15:40,7 Aug,ZRH,20:30,7 Aug,Wizz Air Malta,1 stop,188.36,97
BCN,ZRH,2025-08-07,BCN,16:50,7 Aug,ZRH,21:20,7 Aug,ITA Airways,1 stop,199.82,97
BCN,ZRH,2025-08-09,BCN,07:00,9 Aug,ZRH,08:55,9 Aug,Vueling,1 stop,115.77,99
BCN,ZRH,2025-08-09,BCN,13:00,9 Aug,ZRH,14:55,9 Aug,Vueling,Direct,144.19,99
BCN,ZRH,2025-08-09,BCN,06:00,9 Aug,ZRH,07:40,9 Aug,Swiss,Direct,178.97,99
BCN,ZRH,2025-08-09,BCN,07:00,9 Aug,ZRH,08:55,9 Aug,Iberia,Direct,251.13,99
BCN,ZRH,2025-08-09,BCN,09:40,9 Aug,ZRH,11:30,9 Aug,Swiss,Direct,267.87,99
BCN,ZRH,2025-08-09,BCN,13:00,9 Aug,ZRH,14:55,9 Aug,Iberia,Direct,273.10,99
BCN,ZRH,2025-08-09,BCN,14:55,9 Aug,ZRH,16:40,9 Aug,Swiss,Direct,319.93,99
BCN,ZRH,2025-08-09,BCN,20:00,9 Aug,ZRH,21:45,9 Aug,Swiss,Direct,319.93,99
BCN,ZRH,2025-08-09,BCN,21:40,9 Aug,ZRH,07:55,10 Aug,Wizz Air Malta,Direct,86.51,99
BCN,ZRH,2025-08-09,BCN,16:50,9 Aug,ZRH,21:20,9 Aug,ITA Airways,1 stop,199.82,99
BCN,ZRH,2025-08-09,BCN,10:00,9 Aug,ZRH,21:20,9 Aug,Wizz Air Malta,1 stop,103.63,99
BCN,ZRH,2025-08-09,BCN,13:05,9 Aug,ZRH,21:20,9 Aug,Vueling,1 stop,163.01,99
BCN,ZRH,2025-08-09,BCN,10:20,9 Aug,ZRH,15:45,9 Aug,Lufthansa,1 stop,256.92,99
BCN,ZRH,2025-08-09,BCN,13:50,9 Aug,ZRH,19:15,9 Aug,Lufthansa,1 stop,266.94,99
BCN,ZRH,2025-08-09,BCN,12:15,9 Aug,ZRH,21:20,9 Aug,Vueling,1 stop,184.42,99
BCN,ZRH,2025-08-10,BCN,06:00,10 Aug,ZRH,07:40,10 Aug,Swiss,1 stop,223.39,100
BCN,ZRH,2025-08-10,BCN,10:00,10 Aug,ZRH,07:55,11 Aug,Wizz Air Malta,Direct,108.98,100
BCN,ZRH,2025-08-10,BCN,19:30,10 Aug,ZRH,21:20,10 Aug,Vueling,1 stop,229.45,100
BCN,ZRH,2025-08-10,BCN,07:00,10 Aug,ZRH,08:55,10 Aug,Vueling,Direct,260.72,100
BCN,ZRH,2025-08-10,BCN,09:40,10 Aug,ZRH,11:30,10 Aug,Swiss,Direct,319.93,100
BCN,ZRH,2025-08-10,BCN,14:55,10 Aug,ZRH,16:40,10 Aug,Swiss,Direct,381.43,100
BCN,ZRH,2025-08-10,BCN,20:00,10 Aug,ZRH,21:45,10 Aug,Swiss,Direct,381.43,100
BCN,ZRH,2025-08-10,BCN,19:30,10 Aug,ZRH,21:20,10 Aug,Iberia,Direct,385.02,100
BCN,ZRH,2025-08-10,BCN,07:00,10 Aug,ZRH,08:55,10 Aug,Iberia,Direct,385.02,100
BCN,ZRH,2025-08-10,BCN,18:35,10 Aug,ZRH,20:25,10 Aug,Swiss,Direct,421.35,100
BCN,ZRH,2025-08-10,BCN,16:50,10 Aug,ZRH,21:20,10 Aug,ITA Airways,Direct,239.58,100
BCN,ZRH,2025-08-10,BCN,14:35,10 Aug,ZRH,21:20,10 Aug,Vueling,1 stop,183.87,100
BCN,ZRH,2025-08-10,BCN,22:30,10 Aug,ZRH,07:55,11 Aug,Vueling,1 stop,149.11,100
BCN,ZRH,2025-08-10,BCN,21:40,10 Aug,ZRH,07:55,11 Aug,Wizz Air Malta,1 stop,145.37,100
BCN,ZRH,2025-08-10,BCN,22:40,10 Aug,ZRH,09:15,11 Aug,Vueling,1 stop,156.09,100
BCN,ZRH,2025-08-11,BCN,07:05,11 Aug,ZRH,09:00,11 Aug,Vueling,1 stop,107.24,101
BCN,ZRH,2025-08-11,BCN,23:30,11 Aug,ZRH,08:55,12 Aug,Vueling,Direct,82.80,101
BCN,ZRH,2025-08-11,BCN,06:00,11 Aug,ZRH,07:40,11 Aug,Swiss,1 stop,188.37,101
BCN,ZRH,2025-08-11,BCN,12:55,11 Aug,ZRH,14:50,11 Aug,Vueling,Direct,133.78,101
BCN,ZRH,2025-08-11,BCN,20:00,11 Aug,ZRH,21:45,11 Aug,Swiss,Direct,213.11,101
BCN,ZRH,2025-08-11,BCN,09:40,11 Aug,ZRH,11:30,11 Aug,Swiss,Direct,222.49,101
BCN,ZRH,2025-08-11,BCN,07:05,11 Aug,ZRH,09:00,11 Aug,Iberia,Direct,251.13,101
BCN,ZRH,2025-08-11,BCN,12:55,11 Aug,ZRH,14:50,11 Aug,Iberia,Direct,251.13,101
BCN,ZRH,2025-08-11,BCN,14:55,11 Aug,ZRH,16:40,11 Aug,Swiss,Direct,278.16,101
BCN,ZRH,2025-08-11,BCN,15:05,11 Aug,ZRH,21:20,11 Aug,Wizz Air Malta,Direct,107.37,101
BCN,ZRH,2025-08-11,BCN,22:40,11 Aug,ZRH,08:55,12 Aug,Vueling,1 stop,95.66,101
BCN,ZRH,2025-08-11,BCN,14:40,11 Aug,ZRH,21:20,11 Aug,Vueling,1 stop,141.07,101
BCN,ZRH,2025-08-11,BCN,17:15,11 Aug,ZRH,21:50,11 Aug,Lufthansa,1 stop,190.40,101
BCN,ZRH,2025-08-11,BCN,15:10,11 Aug,ZRH,19:20,11 Aug,Brussels Airlines,1 stop,215.59,101
BCN,ZRH,2025-08-11,BCN,21:30,11 Aug,ZRH,08:55,12 Aug,Vueling,1 stop,104.21,101
BCN,ZRH,2025-08-12,BCN,07:00,12 Aug,ZRH,08:55,12 Aug,Vueling,1 stop,92.08,102
BCN,ZRH,2025-08-12,BCN,23:30,12 Aug,ZRH,09:20,13 Aug,Vueling,Direct,70.12,102
BCN,ZRH,2025-08-12,BCN,06:00,12 Aug,ZRH,07:40,12 Aug,Swiss,1 stop,150.52,102
BCN,ZRH,2025-08-12,BCN,18:30,12 Aug,ZRH,20:20,12 Aug,Vueling,Direct,107.24,102
BCN,ZRH,2025-08-12,BCN,20:00,12 Aug,ZRH,21:45,12 Aug,Swiss,Direct,150.52,102
BCN,ZRH,2025-08-12,BCN,09:40,12 Aug,ZRH,11:30,12 Aug,Swiss,Direct,179.41,102
BCN,ZRH,2025-08-12,BCN,14:55,12 Aug,ZRH,16:40,12 Aug,Swiss,Direct,188.37,102
BCN,ZRH,2025-08-12,BCN,07:00,12 Aug,ZRH,08:55,12 Aug,Iberia,Direct,216.99,102
BCN,ZRH,2025-08-12,BCN,18:30,12 Aug,ZRH,20:20,12 Aug,Iberia,Direct,251.13,102
BCN,ZRH,2025-08-12,BCN,15:50,12 Aug,ZRH,20:25,12 Aug,Vueling,Direct,157.36,102
BCN,ZRH,2025-08-12,BCN,12:55,12 Aug,ZRH,20:25,12 Aug,Wizz Air Malta,1 stop,109.10,102
BCN,ZRH,2025-08-12,BCN,21:20,12 Aug,ZRH,09:20,13 Aug,Vueling,1 stop,77.99,102
BCN,ZRH,2025-08-12,BCN,14:15,12 Aug,ZRH,20:25,12 Aug,Easyjet,1 stop,143.05,102
BCN,ZRH,2025-08-12,BCN,10:20,12 Aug,ZRH,15:45,12 Aug,Lufthansa,1 stop,158.23,102
BCN,ZRH,2025-08-12,BCN,22:00,12 Aug,ZRH,09:20,13 Aug,Air Europa,1 stop,93.54,102
BCN,ZRH,2025-08-14,BCN,19:30,14 Aug,ZRH,21:20,14 Aug,Vueling,1 stop,99.67,104
BCN,ZRH,2025-08-14,BCN,07:00,14 Aug,ZRH,08:55,14 Aug,Vueling,Direct,99.67,104
BCN,ZRH,2025-08-14,BCN,06:00,14 Aug,ZRH,07:40,14 Aug,Swiss,Direct,150.52,104
BCN,ZRH,2025-08-14,BCN,09:40,14 Aug,ZRH,11:30,14 Aug,Swiss,Direct,174.66,104
BCN,ZRH,2025-08-14,BCN,14:55,14 Aug,ZRH,16:40,14 Aug,Swiss,Direct,188.37,104
BCN,ZRH,2025-08-14,BCN,20:00,14 Aug,ZRH,21:45,14 Aug,Swiss,Direct,188.37,104
BCN,ZRH,2025-08-14,BCN,19:30,14 Aug,ZRH,21:20,14 Aug,Iberia,Direct,216.99,104
BCN,ZRH,2025-08-14,BCN,07:00,14 Aug,ZRH,08:55,14 Aug,Iberia,Direct,216.99,104
BCN,ZRH,2025-08-14,BCN,23:30,14 Aug,ZRH,09:15,15 Aug,Vueling,Direct,105.81,104
BCN,ZRH,2025-08-14,BCN,21:40,14 Aug,ZRH,07:55,15 Aug,Wizz Air Malta,1 stop,102.56,104
BCN,ZRH,2025-08-14,BCN,12:50,14 Aug,ZRH,17:25,14 Aug,Lufthansa,1 stop,190.37,104
BCN,ZRH,2025-08-14,BCN,22:40,14 Aug,ZRH,09:15,15 Aug,Vueling,1 stop,105.81,104
BCN,ZRH,2025-08-14,BCN,10:15,14 Aug,ZRH,15:45,14 Aug,Lufthansa,1 stop,181.85,104
BCN,ZRH,2025-08-14,BCN,15:50,14 Aug,ZRH,20:25,14 Aug,Vueling,1 stop,211.47,104
BCN,ZRH,2025-08-14,BCN,10:00,14 Aug,ZRH,14:20,14 Aug,Austrian Airlines,1 stop,221.11,104
BCN,ZRH,2025-08-15,BCN,18:45,15 Aug,ZRH,20:35,15 Aug,Vueling,1 stop,186.82,105
BCN,ZRH,2025-08-15,BCN,21:40,15 Aug,ZRH,07:55,16 Aug,Wizz Air Malta,Direct,113.27,105
BCN,ZRH,2025-08-15,BCN,06:00,15 Aug,ZRH,07:40,15 Aug,Swiss,1 stop,210.93,105
BCN,ZRH,2025-08-15,BCN,07:00,15 Aug,ZRH,08:55,15 Aug,Vueling,Direct,205.77,105
BCN,ZRH,2025-08-15,BCN,09:40,15 Aug,ZRH,11:30,15 Aug,Swiss,Direct,224.34,105
BCN,ZRH,2025-08-15,BCN,20:00,15 Aug,ZRH,21:45,15 Aug,Swiss,Direct,267.87,105
BCN,ZRH,2025-08-15,BCN,14:55,15 Aug,ZRH,16:40,15 Aug,Swiss,Direct,273.95,105
BCN,ZRH,2025-08-15,BCN,18:35,15 Aug,ZRH,20:25,15 Aug,Swiss,Direct,267.87,105
BCN,ZRH,2025-08-15,BCN,18:45,15 Aug,ZRH,20:35,15 Aug,Iberia,Direct,304.87,105
BCN,ZRH,2025-08-15,BCN,15:15,15 Aug,ZRH,21:20,15 Aug,Vueling,Direct,129.85,105
BCN,ZRH,2025-08-15,BCN,07:00,15 Aug,ZRH,08:55,15 Aug,Iberia,1 stop,385.02,105
BCN,ZRH,2025-08-15,BCN,16:50,15 Aug,ZRH,21:20,15 Aug,ITA Airways,Direct,198.75,105
BCN,ZRH,2025-08-15,BCN,23:40,15 Aug,ZRH,09:35,16 Aug,Vueling,1 stop,119.72,105
BCN,ZRH,2025-08-15,BCN,11:40,15 Aug,ZRH,18:15,15 Aug,ITA Airways,1 stop,167.51,105
BCN,ZRH,2025-08-15,BCN,10:00,15 Aug,ZRH,21:20,15 Aug,Wizz Air Malta,1 stop,113.27,105
BCN,ZRH,2025-08-16,BCN,07:00,16 Aug,ZRH,08:55,16 Aug,Vueling,1 stop,107.24,106
BCN,ZRH,2025-08-16,BCN,06:00,16 Aug,ZRH,07:40,16 Aug,Swiss,Direct,207.49,106
BCN,ZRH,2025-08-16,BCN,07:00,16 Aug,ZRH,08:55,16 Aug,Iberia,Direct,223.96,106
BCN,ZRH,2025-08-16,BCN,13:00,16 Aug,ZRH,14:55,16 Aug,Vueling,Direct,229.46,106
BCN,ZRH,2025-08-16,BCN,20:00,16 Aug,ZRH,21:45,16 Aug,Swiss,Direct,276.92,106
BCN,ZRH,2025-08-16,BCN,09:40,16 Aug,ZRH,11:30,16 Aug,Swiss,Direct,277.89,106
BCN,ZRH,2025-08-16,BCN,14:55,16 Aug,ZRH,16:40,16 Aug,Swiss,Direct,308.60,106
BCN,ZRH,2025-08-16,BCN,13:00,16 Aug,ZRH,14:55,16 Aug,Iberia,Direct,385.02,106
BCN,ZRH,2025-08-16,BCN,13:05,16 Aug,ZRH,21:20,16 Aug,Vueling,Direct,130.92,106
BCN,ZRH,2025-08-16,BCN,16:50,16 Aug,ZRH,21:20,16 Aug,ITA Airways,1 stop,222.08,106
BCN,ZRH,2025-08-16,BCN,10:00,16 Aug,ZRH,21:20,16 Aug,Wizz Air Malta,1 stop,125.03,106
BCN,ZRH,2025-08-16,BCN,23:30,16 Aug,ZRH,10:15,17 Aug,Vueling,1 stop,133.06,106
BCN,ZRH,2025-08-16,BCN,21:40,16 Aug,ZRH,07:55,17 Aug,Wizz Air Malta,1 stop,145.37,106
BCN,ZRH,2025-08-16,BCN,15:40,16 Aug,ZRH,20:30,16 Aug,Wizz Air Malta,1 stop,256.45,106
BCN,ZRH,2025-08-16,BCN,23:10,16 Aug,ZRH,09:35,17 Aug,Vueling,1 stop,147.51,106
BCN,ZRH,2025-08-18,BCN,12:55,18 Aug,ZRH,14:50,18 Aug,Vueling,1 stop,99.66,108
BCN,ZRH,2025-08-18,BCN,23:30,18 Aug,ZRH,08:55,19 Aug,Vueling,Direct,66.34,108
BCN,ZRH,2025-08-18,BCN,06:00,18 Aug,ZRH,07:40,18 Aug,Swiss,1 stop,188.37,108
BCN,ZRH,2025-08-18,BCN,07:05,18 Aug,ZRH,09:00,18 Aug,Vueling,Direct,156.50,108
BCN,ZRH,2025-08-18,BCN,14:55,18 Aug,ZRH,16:40,18 Aug,Swiss,Direct,188.37,108
BCN,ZRH,2025-08-18,BCN,20:00,18 Aug,ZRH,21:45,18 Aug,Swiss,Direct,188.37,108
BCN,ZRH,2025-08-18,BCN,09:40,18 Aug,ZRH,11:30,18 Aug,Swiss,Direct,188.37,108
BCN,ZRH,2025-08-18,BCN,12:55,18 Aug,ZRH,14:50,18 Aug,Iberia,Direct,216.97,108
BCN,ZRH,2025-08-18,BCN,22:40,18 Aug,ZRH,08:55,19 Aug,Vueling,Direct,66.34,108
BCN,ZRH,2025-08-18,BCN,07:05,18 Aug,ZRH,09:00,18 Aug,Iberia,1 stop,273.07,108
BCN,ZRH,2025-08-18,BCN,21:30,18 Aug,ZRH,08:55,19 Aug,Vueling,Direct,87.10,108
BCN,ZRH,2025-08-18,BCN,12:50,18 Aug,ZRH,17:25,18 Aug,Lufthansa,1 stop,190.37,108
BCN,ZRH,2025-08-18,BCN,17:15,18 Aug,ZRH,21:50,18 Aug,Lufthansa,1 stop,190.40,108
BCN,ZRH,2025-08-18,BCN,22:00,18 Aug,ZRH,08:55,19 Aug,Air Europa,1 stop,99.37,108
BCN,ZRH,2025-08-18,BCN,23:30,18 Aug,ZRH,10:15,19 Aug,Vueling,1 stop,102.48,108
BCN,ZRH,2025-08-19,BCN,18:30,19 Aug,ZRH,20:20,19 Aug,Vueling,1 stop,78.81,109
BCN,ZRH,2025-08-19,BCN,07:00,19 Aug,ZRH,08:55,19 Aug,Vueling,Direct,78.81,109
BCN,ZRH,2025-08-19,BCN,06:00,19 Aug,ZRH,07:40,19 Aug,Swiss,Direct,134.30,109
BCN,ZRH,2025-08-19,BCN,09:40,19 Aug,ZRH,11:30,19 Aug,Swiss,Direct,142.29,109
BCN,ZRH,2025-08-19,BCN,20:00,19 Aug,ZRH,21:45,19 Aug,Swiss,Direct,148.66,109
BCN,ZRH,2025-08-19,BCN,14:55,19 Aug,ZRH,16:40,19 Aug,Swiss,Direct,150.52,109
BCN,ZRH,2025-08-19,BCN,18:30,19 Aug,ZRH,20:20,19 Aug,Iberia,Direct,202.89,109
BCN,ZRH,2025-08-19,BCN,07:00,19 Aug,ZRH,08:55,19 Aug,Iberia,Direct,202.89,109
BCN,ZRH,2025-08-19,BCN,23:30,19 Aug,ZRH,09:20,20 Aug,Vueling,Direct,70.70,109
BCN,ZRH,2025-08-19,BCN,20:50,19 Aug,ZRH,09:20,20 Aug,Vueling,1 stop,61.49,109
BCN,ZRH,2025-08-19,BCN,21:20,19 Aug,ZRH,09:20,20 Aug,Vueling,1 stop,70.70,109
BCN,ZRH,2025-08-19,BCN,10:00,19 Aug,ZRH,14:20,19 Aug,Austrian Airlines,1 stop,155.62,109
BCN,ZRH,2025-08-19,BCN,12:50,19 Aug,ZRH,17:25,19 Aug,Lufthansa,1 stop,158.21,109
BCN,ZRH,2025-08-19,BCN,17:15,19 Aug,ZRH,21:50,19 Aug,Lufthansa,1 stop,158.23,109
BCN,ZRH,2025-08-19,BCN,15:50,19 Aug,ZRH,20:25,19 Aug,Vueling,1 stop,165.10,109
BCN,ZRH,2025-08-21,BCN,07:00,21 Aug,ZRH,08:55,21 Aug,Vueling,1 stop,52.78,111
BCN,ZRH,2025-08-21,BCN,06:00,21 Aug,ZRH,07:40,21 Aug,Swiss,Direct,122.13,111
BCN,ZRH,2025-08-21,BCN,19:30,21 Aug,ZRH,21:20,21 Aug,Vueling,Direct,67.54,111
BCN,ZRH,2025-08-21,BCN,14:55,21 Aug,ZRH,16:40,21 Aug,Swiss,Direct,122.13,111
BCN,ZRH,2025-08-21,BCN,20:00,21 Aug,ZRH,21:45,21 Aug,Swiss,Direct,122.13,111
BCN,ZRH,2025-08-21,BCN,09:40,21 Aug,ZRH,11:30,21 Aug,Swiss,Direct,122.13,111
BCN,ZRH,2025-08-21,BCN,07:00,21 Aug,ZRH,08:55,21 Aug,Iberia,Direct,171.11,111
BCN,ZRH,2025-08-21,BCN,19:30,21 Aug,ZRH,21:20,21 Aug,Iberia,Direct,202.89,111
BCN,ZRH,2025-08-21,BCN,23:30,21 Aug,ZRH,09:15,22 Aug,Vueling,Direct,82.77,111
BCN,ZRH,2025-08-21,BCN,07:50,21 Aug,ZRH,12:15,21 Aug,Lufthansa,1 stop,150.70,111
BCN,ZRH,2025-08-21,BCN,10:00,21 Aug,ZRH,14:20,21 Aug,Austrian Airlines,1 stop,155.62,111
BCN,ZRH,2025-08-21,BCN,22:40,21 Aug,ZRH,09:15,22 Aug,Vueling,1 stop,82.77,111
BCN,ZRH,2025-08-21,BCN,17:20,21 Aug,ZRH,21:50,21 Aug,Lufthansa,1 stop,158.23,111
BCN,ZRH,2025-08-21,BCN,12:50,21 Aug,ZRH,17:25,21 Aug,Lufthansa,1 stop,158.21,111
BCN,ZRH,2025-08-21,BCN,15:40,21 Aug,ZRH,20:05,21 Aug,Lufthansa,1 stop,169.33,111
BCN,ZRH,2025-08-22,BCN,18:45,22 Aug,ZRH,20:35,22 Aug,Vueling,1 stop,62.00,112
BCN,ZRH,2025-08-22,BCN,06:00,22 Aug,ZRH,07:40,22 Aug,Swiss,Direct,150.52,112
BCN,ZRH,2025-08-22,BCN,07:00,22 Aug,ZRH,08:55,22 Aug,Vueling,Direct,92.08,112
BCN,ZRH,2025-08-22,BCN,14:55,22 Aug,ZRH,16:40,22 Aug,Swiss,Direct,150.52,112
BCN,ZRH,2025-08-22,BCN,20:00,22 Aug,ZRH,21:45,22 Aug,Swiss,Direct,150.52,112
BCN,ZRH,2025-08-22,BCN,09:40,22 Aug,ZRH,11:30,22 Aug,Swiss,Direct,150.52,112
BCN,ZRH,2025-08-22,BCN,18:35,22 Aug,ZRH,20:25,22 Aug,Swiss,Direct,150.52,112
BCN,ZRH,2025-08-22,BCN,18:45,22 Aug,ZRH,20:35,22 Aug,Iberia,Direct,176.00,112
BCN,ZRH,2025-08-22,BCN,07:00,22 Aug,ZRH,08:55,22 Aug,Iberia,Direct,216.97,112
BCN,ZRH,2025-08-22,BCN,07:50,22 Aug,ZRH,12:15,22 Aug,Lufthansa,Direct,182.86,112
BCN,ZRH,2025-08-22,BCN,23:40,22 Aug,ZRH,09:35,23 Aug,Vueling,1 stop,101.52,112
BCN,ZRH,2025-08-22,BCN,11:40,22 Aug,ZRH,18:15,22 Aug,ITA Airways,1 stop,142.03,112
BCN,ZRH,2025-08-22,BCN,17:15,22 Aug,ZRH,21:50,22 Aug,Lufthansa,1 stop,190.40,112
BCN,ZRH,2025-08-22,BCN,21:30,22 Aug,ZRH,09:35,23 Aug,Vueling,1 stop,92.39,112
BCN,ZRH,2025-08-22,BCN,22:40,22 Aug,ZRH,09:35,23 Aug,Vueling,1 stop,101.52,112
BCN,ZRH,2025-08-23,BCN,07:00,23 Aug,ZRH,08:55,23 Aug,Vueling,1 stop,62.10,113
BCN,ZRH,2025-08-23,BCN,13:00,23 Aug,ZRH,14:55,23 Aug,Vueling,Direct,92.08,113
BCN,ZRH,2025-08-23,BCN,06:00,23 Aug,ZRH,07:40,23 Aug,Swiss,Direct,150.52,113
BCN,ZRH,2025-08-23,BCN,20:00,23 Aug,ZRH,21:45,23 Aug,Swiss,Direct,181.36,113
BCN,ZRH,2025-08-23,BCN,09:40,23 Aug,ZRH,11:30,23 Aug,Swiss,Direct,187.33,113
BCN,ZRH,2025-08-23,BCN,07:00,23 Aug,ZRH,08:55,23 Aug,Iberia,Direct,186.91,113
BCN,ZRH,2025-08-23,BCN,14:55,23 Aug,ZRH,16:40,23 Aug,Swiss,Direct,210.93,113
BCN,ZRH,2025-08-23,BCN,13:00,23 Aug,ZRH,14:55,23 Aug,Iberia,Direct,216.97,113
BCN,ZRH,2025-08-23,BCN,23:10,23 Aug,ZRH,09:35,24 Aug,Vueling,Direct,93.47,113
BCN,ZRH,2025-08-23,BCN,16:50,23 Aug,ZRH,21:20,23 Aug,ITA Airways,1 stop,198.17,113
BCN,ZRH,2025-08-23,BCN,17:20,23 Aug,ZRH,21:50,23 Aug,Lufthansa,1 stop,205.57,113
BCN,ZRH,2025-08-23,BCN,21:35,23 Aug,ZRH,09:35,24 Aug,Vueling,1 stop,100.42,113
BCN,ZRH,2025-08-23,BCN,06:20,23 Aug,ZRH,18:15,23 Aug,ITA Airways,1 stop,104.81,113
BCN,ZRH,2025-08-23,BCN,13:50,23 Aug,ZRH,19:15,23 Aug,Lufthansa,1 stop,190.37,113
BCN,ZRH,2025-08-23,BCN,10:20,23 Aug,ZRH,15:45,23 Aug,Lufthansa,1 stop,190.40,113
BCN,ZRH,2025-08-25,BCN,07:05,25 Aug,ZRH,09:00,25 Aug,Vueling,1 stop,67.54,115
BCN,ZRH,2025-08-25,BCN,12:55,25 Aug,ZRH,14:50,25 Aug,Vueling,Direct,92.08,115
BCN,ZRH,2025-08-25,BCN,06:00,25 Aug,ZRH,07:40,25 Aug,Swiss,Direct,150.52,115
BCN,ZRH,2025-08-25,BCN,18:35,25 Aug,ZRH,20:25,25 Aug,Swiss,Direct,150.52,115
BCN,ZRH,2025-08-25,BCN,14:55,25 Aug,ZRH,16:40,25 Aug,Swiss,Direct,168.66,115
BCN,ZRH,2025-08-25,BCN,20:00,25 Aug,ZRH,21:45,25 Aug,Swiss,Direct,188.37,115
BCN,ZRH,2025-08-25,BCN,09:40,25 Aug,ZRH,11:30,25 Aug,Swiss,Direct,188.37,115
BCN,ZRH,2025-08-25,BCN,07:05,25 Aug,ZRH,09:00,25 Aug,Iberia,Direct,186.91,115
BCN,ZRH,2025-08-25,BCN,12:55,25 Aug,ZRH,14:50,25 Aug,Iberia,Direct,216.97,115
BCN,ZRH,2025-08-25,BCN,23:30,25 Aug,ZRH,08:55,26 Aug,Vueling,Direct,63.63,115
BCN,ZRH,2025-08-25,BCN,22:40,25 Aug,ZRH,08:55,26 Aug,Vueling,1 stop,63.63,115
BCN,ZRH,2025-08-25,BCN,21:30,25 Aug,ZRH,08:55,26 Aug,Vueling,1 stop,63.63,115
BCN,ZRH,2025-08-25,BCN,20:50,25 Aug,ZRH,08:55,26 Aug,Vueling,1 stop,63.63,115
BCN,ZRH,2025-08-25,BCN,18:00,25 Aug,ZRH,08:55,26 Aug,Vueling,1 stop,63.63,115
BCN,ZRH,2025-08-25,BCN,17:15,25 Aug,ZRH,21:50,25 Aug,Lufthansa,1 stop,158.23,115
BCN,ZRH,2025-08-26,BCN,07:00,26 Aug,ZRH,08:55,26 Aug,Vueling,1 stop,36.24,116
BCN,ZRH,2025-08-26,BCN,18:30,26 Aug,ZRH,20:20,26 Aug,Vueling,Direct,52.78,116
BCN,ZRH,2025-08-26,BCN,06:00,26 Aug,ZRH,07:40,26 Aug,Swiss,Direct,122.13,116
BCN,ZRH,2025-08-26,BCN,14:55,26 Aug,ZRH,16:40,26 Aug,Swiss,Direct,122.13,116
BCN,ZRH,2025-08-26,BCN,20:00,26 Aug,ZRH,21:45,26 Aug,Swiss,Direct,122.13,116
BCN,ZRH,2025-08-26,BCN,09:40,26 Aug,ZRH,11:30,26 Aug,Swiss,Direct,122.13,116
BCN,ZRH,2025-08-26,BCN,07:00,26 Aug,ZRH,08:55,26 Aug,Iberia,Direct,158.58,116
BCN,ZRH,2025-08-26,BCN,18:30,26 Aug,ZRH,20:20,26 Aug,Iberia,Direct,171.11,116
BCN,ZRH,2025-08-26,BCN,23:30,26 Aug,ZRH,09:20,27 Aug,Vueling,Direct,65.26,116
BCN,ZRH,2025-08-26,BCN,22:05,26 Aug,ZRH,09:10,27 Aug,Vueling,1 stop,64.75,116
BCN,ZRH,2025-08-26,BCN,23:50,26 Aug,ZRH,09:25,27 Aug,Vueling,1 stop,74.43,116
BCN,ZRH,2025-08-26,BCN,21:20,26 Aug,ZRH,09:10,27 Aug,Vueling,1 stop,64.75,116
BCN,ZRH,2025-08-26,BCN,21:20,26 Aug,ZRH,09:20,27 Aug,Vueling,1 stop,65.26,116
BCN,ZRH,2025-08-26,BCN,20:40,26 Aug,ZRH,09:10,27 Aug,Vueling,1 stop,64.75,116
BCN,ZRH,2025-08-26,BCN,20:50,26 Aug,ZRH,09:20,27 Aug,Vueling,1 stop,65.26,116
BCN,ZRH,2025-08-27,BCN,07:00,27 Aug,ZRH,08:55,27 Aug,Vueling,1 stop,62.00,117
BCN,ZRH,2025-08-27,BCN,06:00,27 Aug,ZRH,07:40,27 Aug,Swiss,Direct,122.13,117
BCN,ZRH,2025-08-27,BCN,19:05,27 Aug,ZRH,20:55,27 Aug,Vueling,Direct,67.54,117
BCN,ZRH,2025-08-27,BCN,14:55,27 Aug,ZRH,16:40,27 Aug,Swiss,Direct,122.13,117
BCN,ZRH,2025-08-27,BCN,20:00,27 Aug,ZRH,21:45,27 Aug,Swiss,Direct,122.13,117
BCN,ZRH,2025-08-27,BCN,09:40,27 Aug,ZRH,11:30,27 Aug,Swiss,Direct,122.13,117
BCN,ZRH,2025-08-27,BCN,07:00,27 Aug,ZRH,08:55,27 Aug,Iberia,Direct,176.00,117
BCN,ZRH,2025-08-27,BCN,19:05,27 Aug,ZRH,20:55,27 Aug,Iberia,Direct,186.91,117
BCN,ZRH,2025-08-27,BCN,23:30,27 Aug,ZRH,08:55,28 Aug,Vueling,Direct,67.42,117
BCN,ZRH,2025-08-27,BCN,22:40,27 Aug,ZRH,08:55,28 Aug,Vueling,1 stop,67.42,117
BCN,ZRH,2025-08-27,BCN,21:30,27 Aug,ZRH,08:55,28 Aug,Vueling,1 stop,67.42,117
BCN,ZRH,2025-08-27,BCN,07:40,27 Aug,ZRH,11:40,27 Aug,Easyjet,1 stop,151.48,117
BCN,ZRH,2025-08-27,BCN,11:40,27 Aug,ZRH,18:15,27 Aug,ITA Airways,1 stop,105.08,117
BCN,ZRH,2025-08-27,BCN,20:50,27 Aug,ZRH,08:55,28 Aug,Vueling,1 stop,67.42,117
BCN,ZRH,2025-08-27,BCN,10:00,27 Aug,ZRH,14:20,27 Aug,Austrian Airlines,1 stop,155.62,117
BCN,ZRH,2025-08-28,BCN,07:00,28 Aug,ZRH,08:55,28 Aug,Vueling,1 stop,48.14,118
BCN,ZRH,2025-08-28,BCN,19:30,28 Aug,ZRH,21:20,28 Aug,Vueling,Direct,62.00,118
BCN,ZRH,2025-08-28,BCN,06:00,28 Aug,ZRH,07:40,28 Aug,Swiss,Direct,122.13,118
BCN,ZRH,2025-08-28,BCN,14:55,28 Aug,ZRH,16:40,28 Aug,Swiss,Direct,122.13,118
BCN,ZRH,2025-08-28,BCN,20:00,28 Aug,ZRH,21:45,28 Aug,Swiss,Direct,122.13,118
BCN,ZRH,2025-08-28,BCN,09:40,28 Aug,ZRH,11:30,28 Aug,Swiss,Direct,122.13,118
BCN,ZRH,2025-08-28,BCN,07:00,28 Aug,ZRH,08:55,28 Aug,Iberia,Direct,158.58,118
BCN,ZRH,2025-08-28,BCN,19:30,28 Aug,ZRH,21:20,28 Aug,Iberia,Direct,176.00,118
BCN,ZRH,2025-08-28,BCN,23:30,28 Aug,ZRH,09:15,29 Aug,Vueling,Direct,69.04,118
BCN,ZRH,2025-08-28,BCN,22:40,28 Aug,ZRH,09:15,29 Aug,Vueling,1 stop,69.04,118
BCN,ZRH,2025-08-28,BCN,21:30,28 Aug,ZRH,09:15,29 Aug,Vueling,1 stop,69.04,118
BCN,ZRH,2025-08-28,BCN,21:10,28 Aug,ZRH,09:15,29 Aug,Vueling,1 stop,69.04,118
BCN,ZRH,2025-08-28,BCN,07:50,28 Aug,ZRH,12:15,28 Aug,Lufthansa,1 stop,150.70,118
BCN,ZRH,2025-08-28,BCN,16:50,28 Aug,ZRH,21:20,28 Aug,ITA Airways,1 stop,151.04,118
BCN,ZRH,2025-08-28,BCN,10:00,28 Aug,ZRH,14:20,28 Aug,Austrian Airlines,1 stop,155.62,118
BCN,ZRH,2025-08-29,BCN,07:00,29 Aug,ZRH,08:55,29 Aug,Vueling,1 stop,43.48,119
BCN,ZRH,2025-08-29,BCN,06:00,29 Aug,ZRH,07:40,29 Aug,Swiss,Direct,150.52,119
BCN,ZRH,2025-08-29,BCN,18:45,29 Aug,ZRH,20:35,29 Aug,Vueling,Direct,62.00,119
BCN,ZRH,2025-08-29,BCN,20:00,29 Aug,ZRH,21:45,29 Aug,Swiss,Direct,150.52,119
BCN,ZRH,2025-08-29,BCN,09:40,29 Aug,ZRH,11:30,29 Aug,Swiss,Direct,150.52,119
BCN,ZRH,2025-08-29,BCN,18:35,29 Aug,ZRH,20:25,29 Aug,Swiss,Direct,150.52,119
BCN,ZRH,2025-08-29,BCN,07:00,29 Aug,ZRH,08:55,29 Aug,Iberia,Direct,153.54,119
BCN,ZRH,2025-08-29,BCN,14:55,29 Aug,ZRH,16:40,29 Aug,Swiss,Direct,170.61,119
BCN,ZRH,2025-08-29,BCN,18:45,29 Aug,ZRH,20:35,29 Aug,Iberia,Direct,176.00,119
BCN,ZRH,2025-08-29,BCN,23:40,29 Aug,ZRH,09:35,30 Aug,Vueling,Direct,80.66,119
BCN,ZRH,2025-08-29,BCN,07:50,29 Aug,ZRH,11:40,29 Aug,Easyjet,1 stop,166.19,119
BCN,ZRH,2025-08-29,BCN,22:40,29 Aug,ZRH,09:35,30 Aug,Vueling,1 stop,80.66,119
BCN,ZRH,2025-08-29,BCN,11:40,29 Aug,ZRH,18:15,29 Aug,ITA Airways,1 stop,119.20,119
BCN,ZRH,2025-08-29,BCN,20:45,29 Aug,ZRH,09:35,30 Aug,Vueling,1 stop,72.82,119
BCN,ZRH,2025-08-29,BCN,21:30,29 Aug,ZRH,09:35,30 Aug,Vueling,1 stop,80.66,119
BCN,ZRH,2025-08-30,BCN,07:00,30 Aug,ZRH,08:55,30 Aug,Vueling,1 stop,52.78,120
BCN,ZRH,2025-08-30,BCN,13:00,30 Aug,ZRH,14:55,30 Aug,Vueling,Direct,78.81,120
BCN,ZRH,2025-08-30,BCN,06:00,30 Aug,ZRH,07:40,30 Aug,Swiss,Direct,150.52,120
BCN,ZRH,2025-08-30,BCN,20:00,30 Aug,ZRH,21:45,30 Aug,Swiss,Direct,150.52,120
BCN,ZRH,2025-08-30,BCN,09:40,30 Aug,ZRH,11:30,30 Aug,Swiss,Direct,150.52,120
BCN,ZRH,2025-08-30,BCN,07:00,30 Aug,ZRH,08:55,30 Aug,Iberia,Direct,166.14,120
BCN,ZRH,2025-08-30,BCN,14:55,30 Aug,ZRH,16:40,30 Aug,Swiss,Direct,180.17,120
BCN,ZRH,2025-08-30,BCN,13:00,30 Aug,ZRH,14:55,30 Aug,Iberia,Direct,202.89,120
BCN,ZRH,2025-08-30,BCN,23:10,30 Aug,ZRH,09:35,31 Aug,Vueling,Direct,87.41,120
BCN,ZRH,2025-08-30,BCN,21:35,30 Aug,ZRH,09:35,31 Aug,Vueling,1 stop,87.41,120
BCN,ZRH,2025-08-30,BCN,21:05,30 Aug,ZRH,09:35,31 Aug,Vueling,1 stop,87.41,120
BCN,ZRH,2025-08-30,BCN,11:40,30 Aug,ZRH,18:15,30 Aug,ITA Airways,1 stop,142.07,120
BCN,ZRH,2025-08-30,BCN,10:00,30 Aug,ZRH,14:20,30 Aug,Austrian Airlines,1 stop,204.20,120
BCN,ZRH,2025-08-30,BCN,16:50,30 Aug,ZRH,21:20,30 Aug,ITA Airways,1 stop,198.75,120
BCN,ZRH,2025-08-30,BCN,06:20,30 Aug,ZRH,18:15,30 Aug,ITA Airways,1 stop,104.81,120
BCN,ZRH,2025-08-31,BCN,07:00,31 Aug,ZRH,08:55,31 Aug,Vueling,1 stop,67.54,121
BCN,ZRH,2025-08-31,BCN,06:00,31 Aug,ZRH,07:40,31 Aug,Swiss,Direct,93.72,121
BCN,ZRH,2025-08-31,BCN,19:30,31 Aug,ZRH,21:20,31 Aug,Vueling,Direct,92.08,121
BCN,ZRH,2025-08-31,BCN,07:00,31 Aug,ZRH,08:55,31 Aug,Iberia,Direct,186.91,121
BCN,ZRH,2025-08-31,BCN,19:30,31 Aug,ZRH,21:20,31 Aug,Iberia,Direct,216.97,121
BCN,ZRH,2025-08-31,BCN,09:40,31 Aug,ZRH,11:30,31 Aug,Swiss,Direct,219.30,121
BCN,ZRH,2025-08-31,BCN,14:55,31 Aug,ZRH,16:40,31 Aug,Swiss,Direct,267.94,121
BCN,ZRH,2025-08-31,BCN,18:35,31 Aug,ZRH,20:25,31 Aug,Swiss,Direct,274.35,121
BCN,ZRH,2025-08-31,BCN,20:00,31 Aug,ZRH,21:45,31 Aug,Swiss,Direct,284.40,121
BCN,ZRH,2025-08-31,BCN,22:45,31 Aug,ZRH,09:35,1 Sept,Vueling,Direct,73.37,121
BCN,ZRH,2025-08-31,BCN,22:40,31 Aug,ZRH,09:15,1 Sept,Vueling,1 stop,77.46,121
BCN,ZRH,2025-08-31,BCN,21:40,31 Aug,ZRH,09:15,1 Sept,Vueling,1 stop,77.46,121
BCN,ZRH,2025-08-31,BCN,15:50,31 Aug,ZRH,20:25,31 Aug,Vueling,1 stop,188.15,121
BCN,ZRH,2025-08-31,BCN,17:00,31 Aug,ZRH,09:15,1 Sept,Vueling,1 stop,77.46,121
BCN,ZRH,2025-08-31,BCN,13:50,31 Aug,ZRH,19:15,31 Aug,Lufthansa,1 stop,190.37,121
